{"type":"FeatureCollection","features":[{"type":"Feature","properties":{"aeroway":"runway","ref":"04/22","name":"東京国際空港B滑走路","surface":"asphalt"},"geometry":{"type":"LineString","coordinates":[[139.761264,35.549002],[139.761662,35.54946],[139.761708,35.549519],[139.761773,35.549603],[139.762066,35.549936],[139.762294,35.550201],[139.762416,35.550344],[139.763167,35.551219],[139.764039,35.552234],[139.764888,35.553223],[139.765229,35.553621],[139.765442,35.553868],[139.765568,35.55402],[139.766888,35.555559],[139.76718,35.5559],[139.767696,35.556494],[139.768035,35.556889],[139.768355,35.557268],[139.768981,35.557994],[139.769379,35.558454],[139.769798,35.558948],[139.770136,35.559346],[139.770418,35.559664],[139.770672,35.55996],[139.771004,35.560351],[139.7712,35.560575],[139.77138,35.560783],[139.771413,35.560823],[139.771588,35.561028],[139.771722,35.561198],[139.771894,35.561383],[139.772103,35.56163],[139.772196,35.561736],[139.772428,35.562006],[139.772526,35.56212],[139.773244,35.562959],[139.773771,35.56357],[139.774315,35.564219],[139.774852,35.564829],[139.776048,35.566222],[139.776384,35.566614],[139.776677,35.566955],[139.777063,35.567404]]}},{"type":"Feature","properties":{"aeroway":"runway","ref":"16R/34L","name":"東京国際空港A滑走路","surface":"asphalt"},"geometry":{"type":"LineString","coordinates":[[139.785642,35.536629],[139.785573,35.536726],[139.785327,35.537073],[139.785221,35.537222],[139.783159,35.540128],[139.783113,35.540192],[139.78283,35.540591],[139.78256,35.540971],[139.782276,35.541372],[139.782005,35.541753],[139.781226,35.542851],[139.781164,35.542938],[139.780603,35.543729],[139.780186,35.544317],[139.780136,35.544385],[139.779868,35.544764],[139.779756,35.544923],[139.77959,35.545157],[139.779572,35.545182],[139.779136,35.545797],[139.778477,35.546725],[139.778149,35.547186],[139.777858,35.547583],[139.77754,35.548045],[139.777176,35.548558],[139.776919,35.54892],[139.776752,35.549155],[139.775826,35.550459],[139.775474,35.550958],[139.774939,35.55171],[139.77491,35.55175],[139.774628,35.552147],[139.774492,35.552337],[139.774343,35.552548],[139.774291,35.552616],[139.773844,35.553251],[139.772872,35.554621],[139.772284,35.555454],[139.772198,35.555575],[139.771933,35.555944],[139.77178,35.55616],[139.771632,35.556368],[139.771538,35.556498],[139.771445,35.556637],[139.771212,35.556959],[139.771017,35.557235],[139.770499,35.557959],[139.770336,35.558189],[139.76983,35.558903],[139.769798,35.558948],[139.769772,35.558985],[139.769181,35.55982],[139.769068,35.55998]]}},{"type":"Feature","properties":{"aeroway":"taxiway","ref":"P4","surface":"asphalt"},"geometry":{"type":"LineString","coordinates":[[139.77915,35.540392],[139.779205,35.540331],[139.779272,35.540279],[139.779349,35.540237],[139.779434,35.540206],[139.779523,35.540187],[139.779616,35.54018],[139.779708,35.540187],[139.779798,35.540206],[139.77989,35.540241]]}},{"type":"Feature","properties":{"aeroway":"taxiway","ref":"B6","surface":"asphalt"},"geometry":{"type":"LineString","coordinates":[[139.76718,35.5559],[139.767158,35.555867],[139.766997,35.555632],[139.76694,35.555529],[139.766883,35.555427],[139.766696,35.555079],[139.766545,35.554729],[139.766414,35.554341],[139.766201,35.553366],[139.766191,35.553321],[139.766141,35.553096]]}},{"type":"Feature","properties":{"aeroway":"taxiway","ref":"A","surface":"asphalt"},"geometry":{"type":"LineString","coordinates":[[139.772015,35.559418],[139.772219,35.559138],[139.772415,35.558856],[139.772562,35.558654],[139.772625,35.558561],[139.772834,35.558269],[139.772906,35.558163],[139.773024,35.557997]]}},{"type":"Feature","properties":{"aeroway":"taxiway","ref":"R","surface":"asphalt"},"geometry":{"type":"LineString","coordinates":[[139.779348,35.566004],[139.779787,35.565751],[139.779956,35.565658],[139.780265,35.565482],[139.780584,35.565301],[139.780719,35.565223]]}},{"type":"Feature","properties":{"aeroway":"taxiway","surface":"asphalt"},"geometry":{"type":"LineString","coordinates":[[139.768826,35.560327],[139.768793,35.560401],[139.768776,35.560458],[139.768763,35.560517],[139.76876,35.560585],[139.768767,35.560641],[139.768781,35.560702],[139.768816,35.56077],[139.768856,35.560837]]}},{"type":"Feature","properties":{"aeroway":"taxiway","ref":"T11","surface":"asphalt"},"geometry":{"type":"LineString","coordinates":[[139.772428,35.562006],[139.772366,35.561955],[139.772296,35.561912],[139.772221,35.561876],[139.77214,35.561848],[139.772041,35.561827],[139.771951,35.561819],[139.771871,35.561818],[139.771767,35.561829]]}},{"type":"Feature","properties":{"aeroway":"taxiway","ref":"B7","surface":"asphalt"},"geometry":{"type":"LineString","coordinates":[[139.770197,35.556272],[139.770118,35.556204],[139.770038,35.556151],[139.769931,35.556107],[139.769824,35.556078],[139.769745,35.556066],[139.769644,35.556067],[139.769552,35.556072],[139.769466,35.55609],[139.769353,35.556129],[139.76928,35.55617],[139.769243,35.556192]]}},{"type":"Feature","properties":{"aeroway":"taxiway","ref":"L15","surface":"asphalt"},"geometry":{"type":"LineString","coordinates":[[139.769622,35.555606],[139.769835,35.555854],[139.770197,35.556272],[139.77041,35.556527],[139.770435,35.556557],[139.771017,35.557235]]}},{"type":"Feature","properties":{"aeroway":"taxiway","ref":"C10","surface":"asphalt"},"geometry":{"type":"LineString","coordinates":[[139.793612,35.555925],[139.793337,35.556258],[139.793148,35.556463],[139.792943,35.556666],[139.79276,35.556836],[139.792642,35.556932],[139.792512,35.557038],[139.792276,35.557215],[139.791962,35.557424],[139.791707,35.557578],[139.791459,35.557713],[139.791277,35.557799],[139.791143,35.557864],[139.791042,35.557913]]}},{"type":"Feature","properties":{"aeroway":"taxiway","surface":"asphalt"},"geometry":{"type":"LineString","coordinates":[[139.770136,35.559346],[139.769772,35.558985],[139.769576,35.558807],[139.769424,35.558679],[139.769155,35.558477],[139.768926,35.558318],[139.768627,35.55813],[139.768435,35.558019],[139.768237,35.557916],[139.768015,35.55781],[139.767801,35.557718],[139.767424,35.557564]]}},{"type":"Feature","properties":{"aeroway":"taxiway","ref":"C","surface":"asphalt"},"geometry":{"type":"LineString","coordinates":[[139.801446,35.541301],[139.801392,35.541372],[139.801149,35.541718],[139.800896,35.542071],[139.800846,35.54214],[139.800601,35.542496],[139.800531,35.542594],[139.800352,35.542845],[139.800304,35.542914]]}},{"type":"Feature","properties":{"aeroway":"taxiway","ref":"C5","surface":"asphalt"},"geometry":{"type":"LineString","coordinates":[[139.798394,35.545612],[139.798912,35.545863],[139.798992,35.5459],[139.79927,35.546031],[139.799424,35.546104],[139.799467,35.546124],[139.799558,35.546167],[139.799782,35.546273]]}},{"type":"Feature","properties":{"aeroway":"taxiway","ref":"C8","surface":"asphalt"},"geometry":{"type":"LineString","coordinates":[[139.795014,35.551965],[139.795017,35.552072],[139.795016,35.552403],[139.795016,35.552569],[139.795008,35.552778],[139.794989,35.552971],[139.794969,35.553122],[139.79494,35.553306],[139.794892,35.55352],[139.794837,35.553724],[139.794764,35.553952],[139.794705,35.554108],[139.79464,35.554273],[139.794557,35.554451],[139.794465,35.554638],[139.794272,35.554972],[139.794165,35.555161]]}},{"type":"Feature","properties":{"aeroway":"taxiway","ref":"H","surface":"asphalt"},"geometry":{"type":"LineString","coordinates":[[139.792047,35.546003],[139.792369,35.546158],[139.792871,35.546397],[139.792993,35.546456],[139.793058,35.546484],[139.79386,35.546867],[139.793928,35.546893],[139.794234,35.547043],[139.794782,35.547305],[139.795106,35.547455]]}},{"type":"Feature","properties":{"aeroway":"taxiway","ref":"K","surface":"asphalt"},"geometry":{"type":"LineString","coordinates":[[139.784722,35.56487],[139.784276,35.564661],[139.784197,35.564623],[139.784134,35.564594],[139.783313,35.564208],[139.78248,35.563813],[139.782417,35.563782],[139.781984,35.563574],[139.781524,35.563357],[139.78144,35.563319]]}},{"type":"Feature","properties":{"aeroway":"taxiway","ref":"C11","surface":"asphalt"},"geometry":{"type":"LineString","coordinates":[[139.788623,35.561391],[139.788551,35.561422],[139.788474,35.561444],[139.788382,35.561465],[139.788296,35.561472],[139.788213,35.561468],[139.788141,35.561456],[139.788067,35.561436],[139.787982,35.56141]]}},{"type":"Feature","properties":{"aeroway":"taxiway","ref":"L","surface":"asphalt"},"geometry":{"type":"LineString","coordinates":[[139.780659,35.540055],[139.780613,35.540119],[139.780366,35.540471],[139.780105,35.540844],[139.780071,35.540891],[139.779657,35.541475],[139.77926,35.542035],[139.778278,35.543418]]}},{"type":"Feature","properties":{"aeroway":"taxiway","ref":"A12","surface":"asphalt"},"geometry":{"type":"LineString","coordinates":[[139.773523,35.55534],[139.773522,35.555283],[139.77352,35.555174],[139.773521,35.55505],[139.77353,35.554905],[139.77355,35.554662],[139.773569,35.554534],[139.7736,35.554362],[139.773659,35.554094],[139.773721,35.553874],[139.773814,35.553603],[139.773877,35.553437],[139.773957,35.553258],[139.774052,35.55306],[139.774202,35.552796],[139.774381,35.552517],[139.774492,35.552337]]}},{"type":"Feature","properties":{"aeroway":"taxiway","ref":"B8","surface":"asphalt"},"geometry":{"type":"LineString","coordinates":[[139.769011,35.556647],[139.76904,35.5569],[139.769082,35.557164],[139.76914,35.557393],[139.769202,35.557617],[139.769283,35.557854],[139.769371,35.558078],[139.769506,35.558355],[139.769681,35.558677],[139.76983,35.558903],[139.7701,35.559294],[139.770136,35.559346]]}},{"type":"Feature","properties":{"aeroway":"taxiway","ref":"C12","surface":"asphalt"},"geometry":{"type":"LineString","coordinates":[[139.788773,35.561782],[139.788549,35.561676],[139.788467,35.561636],[139.78842,35.561614],[139.787982,35.56141],[139.787909,35.561375],[139.787511,35.561182],[139.787385,35.561121]]}},{"type":"Feature","properties":{"aeroway":"taxiway","ref":"L16","surface":"asphalt"},"geometry":{"type":"LineString","coordinates":[[139.768856,35.560837],[139.768085,35.55994],[139.768052,35.559897],[139.767638,35.559416],[139.766657,35.558276],[139.766603,35.558213],[139.76631,35.557871]]}},{"type":"Feature","properties":{"aeroway":"taxiway","surface":"asphalt"},"geometry":{"type":"LineString","coordinates":[[139.772835,35.559239],[139.772762,35.559218],[139.772716,35.559207],[139.772647,35.559196],[139.772583,35.559191],[139.772509,35.559194],[139.772443,35.559199],[139.772381,35.559213],[139.772312,35.559231],[139.772241,35.55926],[139.772175,35.559292],[139.772115,35.559326],[139.772074,35.559364],[139.772015,35.559418]]}},{"type":"Feature","properties":{"aeroway":"runway","ref":"05/23","name":"東京国際空港D滑走路","surface":"asphalt"},"geometry":{"type":"LineString","coordinates":[[139.803471,35.523996],[139.803614,35.524122],[139.804077,35.524553],[139.804712,35.525113],[139.80535,35.525679],[139.80634,35.526564],[139.807227,35.527358],[139.80808,35.52811],[139.808464,35.528447],[139.808583,35.528553],[139.80939,35.529274],[139.810337,35.530125],[139.81064,35.530403],[139.810833,35.530562],[139.813046,35.532543],[139.815293,35.53453],[139.817535,35.536524],[139.818014,35.536951],[139.818708,35.537565],[139.818796,35.537644],[139.819308,35.538098],[139.819785,35.538521],[139.822004,35.540498],[139.822018,35.540508],[139.82205,35.540536]]}},{"type":"Feature","properties":{"aeroway":"terminal","name":"第3旅客ターミナル"},"geometry":{"type":"Polygon","coordinates":[[[139.76576,35.547673],[139.765942,35.547567],[139.765934,35.547577],[139.766506,35.547844],[139.766403,35.547995],[139.766378,35.54803],[139.766407,35.548043],[139.76642,35.548025],[139.766447,35.548037],[139.766468,35.548006],[139.766445,35.547996],[139.766538,35.547859],[139.767128,35.548134],[139.767027,35.548281],[139.767,35.54832],[139.767029,35.548333],[139.767042,35.548315],[139.767069,35.548327],[139.76709,35.548296],[139.767067,35.548285],[139.76716,35.548148],[139.767977,35.548529],[139.767866,35.548691],[139.767845,35.548722],[139.767874,35.548735],[139.767887,35.548716],[139.767914,35.548729],[139.767935,35.548698],[139.767912,35.548687],[139.768009,35.548544],[139.768714,35.548873],[139.768601,35.549039],[139.768579,35.549071],[139.768607,35.549084],[139.76862,35.549065],[139.768648,35.549078],[139.768669,35.549047],[139.768645,35.549036],[139.768746,35.548888],[139.769432,35.549208],[139.769321,35.54937],[139.769298,35.549405],[139.769326,35.549418],[139.769339,35.549399],[139.769366,35.549412],[139.769388,35.549381],[139.769364,35.54937],[139.769465,35.549222],[139.770182,35.549557],[139.770072,35.549718],[139.770043,35.54976],[139.770072,35.549772],[139.770085,35.549754],[139.770112,35.549766],[139.770133,35.549735],[139.77011,35.549725],[139.770214,35.549572],[139.770761,35.549827],[139.77078,35.549801],[139.7708,35.550033],[139.770785,35.550056],[139.770774,35.550074],[139.770803,35.550087],[139.770816,35.550068],[139.770843,35.55008],[139.770864,35.55005],[139.770841,35.550039],[139.770816,35.549752],[139.770935,35.549572],[139.770493,35.549365],[139.770392,35.549316],[139.767932,35.548161],[139.767936,35.548117],[139.76794,35.548065],[139.767947,35.547977],[139.767961,35.547805],[139.768037,35.547694],[139.76811,35.547588],[139.768166,35.547506],[139.768208,35.547445],[139.768397,35.54719],[139.768452,35.547116],[139.76872,35.547237],[139.768735,35.547218],[139.768752,35.547192],[139.768488,35.547065],[139.76885,35.546557],[139.769114,35.546682],[139.769133,35.546661],[139.769152,35.54664],[139.768887,35.546506],[139.769156,35.546123],[139.76925,35.545998],[139.769515,35.546117],[139.769535,35.546094],[139.769548,35.546076],[139.769278,35.545951],[139.769546,35.545558],[139.769798,35.545521],[139.769852,35.545516],[139.769975,35.545364],[139.769949,35.54531],[139.769857,35.545118],[139.769843,35.545088],[139.770068,35.544784],[139.77034,35.544906],[139.770359,35.544879],[139.770379,35.544851],[139.770108,35.544729],[139.770478,35.54423],[139.77077,35.544364],[139.770799,35.544322],[139.770816,35.544298],[139.770522,35.544167],[139.770883,35.543665],[139.771155,35.543786],[139.771196,35.543728],[139.77123,35.543678],[139.770964,35.543559],[139.771205,35.543226],[139.77124,35.543164],[139.771254,35.543109],[139.771258,35.543078],[139.771564,35.543088],[139.771627,35.543118],[139.77169,35.543035],[139.771729,35.542982],[139.771266,35.542961],[139.771277,35.542778],[139.771294,35.542708],[139.771324,35.542646],[139.771659,35.542187],[139.771913,35.542306],[139.771936,35.542274],[139.771993,35.542199],[139.771739,35.542078],[139.771857,35.541916],[139.771785,35.541888],[139.771734,35.541863],[139.771987,35.541517],[139.77232,35.541676],[139.772333,35.541658],[139.772344,35.541642],[139.771951,35.541454],[139.771684,35.541837],[139.771648,35.541822],[139.771341,35.542256],[139.771271,35.542223],[139.770962,35.542656],[139.77103,35.542688],[139.771004,35.543066],[139.770928,35.543034],[139.770749,35.543291],[139.770817,35.543318],[139.770564,35.543676],[139.770462,35.543622],[139.770439,35.543646],[139.770046,35.54419],[139.769583,35.543971],[139.769525,35.54405],[139.769482,35.54403],[139.769397,35.544151],[139.769011,35.54405],[139.768897,35.544],[139.768977,35.543891],[139.76908,35.543743],[139.768967,35.543688],[139.768605,35.544187],[139.768449,35.544422],[139.768422,35.544413],[139.768396,35.544401],[139.768381,35.54442],[139.768245,35.544358],[139.768206,35.54441],[139.768182,35.544442],[139.768158,35.544475],[139.768071,35.54444],[139.767954,35.544523],[139.76785,35.544668],[139.767821,35.544709],[139.767732,35.544834],[139.76773,35.544836],[139.76744,35.545242],[139.767395,35.545303],[139.767586,35.545386],[139.767624,35.545325],[139.767676,35.545349],[139.767954,35.54495],[139.768072,35.544873],[139.76815,35.544754],[139.768188,35.544769],[139.768205,35.544779],[139.768164,35.544837],[139.767642,35.545571],[139.767848,35.54567],[139.768646,35.545999],[139.768707,35.54602],[139.76872,35.546026],[139.768798,35.54607],[139.767728,35.547464],[139.767459,35.547339],[139.767378,35.54745],[139.767287,35.547575],[139.767486,35.547672],[139.767432,35.547744],[139.767388,35.547807],[139.767356,35.547854],[139.767336,35.547882],[139.766095,35.547289],[139.766072,35.547323],[139.766024,35.547392],[139.76594,35.547518],[139.765734,35.547633],[139.765722,35.547655],[139.765709,35.547673],[139.765689,35.547702],[139.765717,35.547715],[139.765728,35.547699],[139.765758,35.547713],[139.76578,35.547682],[139.76576,35.547673]]]}},{"type":"Feature","properties":{"aeroway":"taxiway","ref":"D","surface":"asphalt"},"geometry":{"type":"LineString","coordinates":[[139.816349,35.538131],[139.81591,35.53774],[139.813672,35.535749],[139.811436,35.53376],[139.808716,35.53134],[139.80776,35.530489],[139.807389,35.530163],[139.806942,35.52976],[139.80656,35.529419],[139.806477,35.52935]]}},{"type":"Feature","properties":{"aeroway":"taxiway","ref":"S","surface":"asphalt"},"geometry":{"type":"LineString","coordinates":[[139.805898,35.530164],[139.805741,35.530027],[139.805676,35.52996],[139.805434,35.529749],[139.805142,35.529493],[139.80497,35.529339],[139.803912,35.528398],[139.803352,35.527899]]}},{"type":"Feature","properties":{"aeroway":"taxiway","ref":"T11","surface":"asphalt"},"geometry":{"type":"LineString","coordinates":[[139.771343,35.561925],[139.771402,35.561902],[139.77146,35.561877],[139.771514,35.561847],[139.77155,35.561818],[139.771593,35.561779],[139.771632,35.56174],[139.771665,35.561699],[139.7717,35.561649]]}},{"type":"Feature","properties":{"aeroway":"taxiway","ref":"T9","surface":"asphalt"},"geometry":{"type":"LineString","coordinates":[[139.771722,35.561198],[139.771685,35.56117],[139.771645,35.561144],[139.771603,35.56112],[139.77156,35.561099],[139.771539,35.561091],[139.771514,35.561081],[139.771466,35.561066],[139.771418,35.561054],[139.771368,35.561044],[139.771318,35.561038],[139.771267,35.561036],[139.771216,35.561036],[139.771166,35.56104],[139.771115,35.561046],[139.771066,35.561056],[139.771018,35.561069],[139.77097,35.561085],[139.770925,35.561103],[139.770882,35.561125],[139.77084,35.561149],[139.770801,35.561176],[139.770765,35.561205],[139.770732,35.561236],[139.770701,35.561269]]}},{"type":"Feature","properties":{"aeroway":"hangar","name":"産経新聞"},"geometry":{"type":"Polygon","coordinates":[[[139.755457,35.56056],[139.755384,35.560207],[139.75506,35.560251],[139.755118,35.560528],[139.755128,35.560527],[139.755144,35.560603],[139.755457,35.56056]]]}},{"type":"Feature","properties":{"aeroway":"hangar","name":"朝日新聞"},"geometry":{"type":"Polygon","coordinates":[[[139.755286,35.55973],[139.754945,35.559779],[139.754888,35.55951],[139.754978,35.559498],[139.75496,35.559417],[139.7552,35.559383],[139.755217,35.559463],[139.755229,35.559462],[139.755286,35.55973]]]}},{"type":"Feature","properties":{"aeroway":"hangar","name":"毎日新聞"},"geometry":{"type":"Polygon","coordinates":[[[139.755207,35.559348],[139.755193,35.55935],[139.754867,35.559396],[139.75481,35.559129],[139.754823,35.559127],[139.754808,35.559058],[139.755051,35.559024],[139.755064,35.559088],[139.755149,35.559076],[139.755207,35.559348]]]}},{"type":"Feature","properties":{"aeroway":"hangar","name":"海上保安庁"},"geometry":{"type":"Polygon","coordinates":[[[139.754612,35.557536],[139.754658,35.557683],[139.754713,35.557856],[139.754691,35.557861],[139.754708,35.557914],[139.754749,35.557906],[139.754742,35.557882],[139.755148,35.557798],[139.755121,35.55771],[139.755193,35.557695],[139.755109,35.557437],[139.754612,35.557536]]]}},{"type":"Feature","properties":{"aeroway":"hangar","name":"読売新聞"},"geometry":{"type":"Polygon","coordinates":[[[139.755341,35.560015],[139.755285,35.559742],[139.754952,35.559791],[139.754962,35.559835],[139.754921,35.559841],[139.754946,35.559962],[139.754959,35.559962],[139.754972,35.560023],[139.755,35.56002],[139.755026,35.56015],[139.755248,35.56012],[139.755341,35.560015]]]}},{"type":"Feature","properties":{"aeroway":"taxiway","ref":"Y","surface":"asphalt"},"geometry":{"type":"LineString","coordinates":[[139.779753,35.564912],[139.78018,35.565113],[139.780584,35.565301],[139.780921,35.565469],[139.781203,35.565593],[139.781217,35.565603],[139.782269,35.566105]]}},{"type":"Feature","properties":{"aeroway":"taxiway","ref":"E","surface":"asphalt"},"geometry":{"type":"LineString","coordinates":[[139.799362,35.542432],[139.799642,35.542038],[139.799913,35.541659],[139.799927,35.541639],[139.800347,35.541049],[139.800444,35.540912],[139.800763,35.540464],[139.801151,35.539918],[139.801942,35.538807]]}},{"type":"Feature","properties":{"aeroway":"taxiway","ref":"A15","surface":"asphalt"},"geometry":{"type":"LineString","coordinates":[[139.771831,35.558179],[139.771907,35.55825],[139.771963,35.558286],[139.772028,35.558323],[139.772096,35.558352],[139.772177,35.558374],[139.772261,35.558389],[139.772346,35.558394],[139.772431,35.558391],[139.772515,35.55838],[139.772597,35.558359],[139.772675,35.558331],[139.772748,35.558294],[139.772814,35.558251],[139.772862,35.558206],[139.772906,35.558163]]}},{"type":"Feature","properties":{"aeroway":"taxiway","surface":"asphalt"},"geometry":{"type":"LineString","coordinates":[[139.772632,35.560349],[139.772713,35.56028],[139.772777,35.560234],[139.772842,35.560202],[139.772905,35.560175],[139.77298,35.560154],[139.773054,35.560139],[139.773134,35.560133],[139.773226,35.560133],[139.77331,35.560147],[139.773381,35.560162],[139.773461,35.56019],[139.773537,35.560225],[139.773606,35.560271],[139.773672,35.560324]]}},{"type":"Feature","properties":{"aeroway":"taxiway","surface":"asphalt"},"geometry":{"type":"LineString","coordinates":[[139.77138,35.560783],[139.771412,35.560804],[139.77145,35.56083],[139.7715,35.560852],[139.771576,35.560879],[139.771652,35.5609],[139.771683,35.560906],[139.771719,35.560914],[139.771786,35.560922],[139.771881,35.560924],[139.771944,35.560917],[139.772019,35.560903],[139.772086,35.560884],[139.772139,35.560867],[139.772192,35.560842],[139.772242,35.560814],[139.772294,35.56078],[139.772334,35.560744],[139.772378,35.560704]]}},{"type":"Feature","properties":{"aeroway":"apron"},"geometry":{"type":"Polygon","coordinates":[[[139.772425,35.54141],[139.776199,35.543226],[139.775506,35.544199],[139.775638,35.544259],[139.775687,35.544201],[139.775842,35.544272],[139.775887,35.544209],[139.775971,35.544243],[139.77601,35.544188],[139.776087,35.544217],[139.77621,35.544041],[139.77629,35.544073],[139.776481,35.543843],[139.776782,35.543987],[139.77575,35.545443],[139.774826,35.546762],[139.773024,35.549287],[139.77272,35.54914],[139.772892,35.548898],[139.772824,35.548864],[139.772947,35.548687],[139.772888,35.548662],[139.772937,35.548599],[139.772856,35.548554],[139.772898,35.548494],[139.772714,35.548407],[139.772744,35.548368],[139.772292,35.548143],[139.771636,35.549044],[139.770293,35.548416],[139.770176,35.548585],[139.768307,35.547727],[139.771634,35.54298],[139.771545,35.542705],[139.772425,35.54141]]]}},{"type":"Feature","properties":{"aeroway":"taxiway","surface":"asphalt"},"geometry":{"type":"LineString","coordinates":[[139.771131,35.5474],[139.771064,35.54736],[139.771005,35.547312],[139.770954,35.547259],[139.770912,35.547201],[139.770879,35.547139],[139.770856,35.547074],[139.770845,35.547007],[139.770844,35.546939],[139.770854,35.546872],[139.770874,35.546806],[139.770905,35.546744]]}},{"type":"Feature","properties":{"aeroway":"taxiway","ref":"P3","surface":"asphalt"},"geometry":{"type":"LineString","coordinates":[[139.779671,35.539648],[139.779747,35.539553],[139.779784,35.539524],[139.779836,35.539492],[139.779874,35.539469],[139.779936,35.539442],[139.779999,35.539419],[139.780061,35.539407],[139.78014,35.5394],[139.780216,35.539402],[139.780276,35.53941],[139.780342,35.539422],[139.78041,35.539447]]}},{"type":"Feature","properties":{"aeroway":"taxiway","ref":"W1","surface":"asphalt"},"geometry":{"type":"LineString","coordinates":[[139.788748,35.537645],[139.78866,35.537721],[139.7886,35.537761],[139.788546,35.537791],[139.788505,35.537812],[139.788454,35.537831],[139.788392,35.537849],[139.788318,35.537865],[139.788245,35.537872],[139.78816,35.537872],[139.788073,35.53786],[139.788008,35.537847],[139.787942,35.537829]]}},{"type":"Feature","properties":{"aeroway":"apron"},"geometry":{"type":"Polygon","coordinates":[[[139.79956,35.537674],[139.801071,35.538398],[139.800509,35.539182],[139.801328,35.539567],[139.801247,35.539686],[139.801317,35.539718],[139.801192,35.539893],[139.801253,35.539919],[139.80117,35.540023],[139.801234,35.540066],[139.798212,35.54433],[139.796607,35.546593],[139.794134,35.54542],[139.799527,35.537805],[139.799479,35.53778],[139.79956,35.537674]]]}},{"type":"Feature","properties":{"aeroway":"apron"},"geometry":{"type":"Polygon","coordinates":[[[139.784766,35.565269],[139.784674,35.565405],[139.784609,35.565377],[139.784567,35.565438],[139.784497,35.565414],[139.784301,35.565667],[139.78423,35.565633],[139.78403,35.565892],[139.783972,35.565863],[139.783815,35.566056],[139.783747,35.566019],[139.783549,35.56628],[139.783478,35.566254],[139.783269,35.566506],[139.78319,35.566474],[139.783004,35.566728],[139.782927,35.566696],[139.782786,35.566896],[139.782699,35.566855],[139.782514,35.567122],[139.78245,35.567088],[139.782242,35.567348],[139.782167,35.567311],[139.782027,35.567509],[139.781954,35.567476],[139.781739,35.567762],[139.781253,35.567531],[139.781295,35.567484],[139.780889,35.567288],[139.780928,35.567231],[139.7806,35.567086],[139.780642,35.567036],[139.780142,35.566799],[139.780197,35.566733],[139.779757,35.566526],[139.779905,35.566327],[139.779972,35.566361],[139.780069,35.566227],[139.780148,35.566261],[139.780232,35.566132],[139.780304,35.566168],[139.780406,35.566032],[139.780481,35.566065],[139.780566,35.565936],[139.780639,35.56597],[139.780735,35.565837],[139.780808,35.565873],[139.782124,35.56402],[139.784766,35.565269]]]}},{"type":"Feature","properties":{"aeroway":"apron"},"geometry":{"type":"Polygon","coordinates":[[[139.776026,35.559556],[139.774893,35.559014],[139.774603,35.558882],[139.774236,35.559395],[139.773391,35.558991],[139.774334,35.557682],[139.776204,35.55504],[139.777834,35.552732],[139.779474,35.550432],[139.780176,35.549444],[139.781857,35.547078],[139.782591,35.546035],[139.784639,35.543176],[139.78855,35.545025],[139.78785,35.545994],[139.785267,35.544785],[139.784865,35.545383],[139.785117,35.546186],[139.783993,35.547792],[139.78298,35.548023],[139.782642,35.548506],[139.782907,35.549304],[139.781762,35.550913],[139.780764,35.551153],[139.780345,35.551725],[139.782285,35.552645],[139.781428,35.553786],[139.780437,35.553339],[139.776026,35.559556]]]}},{"type":"Feature","properties":{"aeroway":"apron"},"geometry":{"type":"Polygon","coordinates":[[[139.787388,35.542092],[139.785902,35.541387],[139.790044,35.535534],[139.789972,35.535498],[139.791187,35.533804],[139.791248,35.533831],[139.79129,35.533766],[139.792648,35.534407],[139.791843,35.535544],[139.791982,35.535618],[139.787388,35.542092]]]}},{"type":"Feature","properties":{"aeroway":"apron"},"geometry":{"type":"Polygon","coordinates":[[[139.776626,35.561188],[139.776746,35.561278],[139.776809,35.561348],[139.776853,35.561421],[139.776872,35.561492],[139.776883,35.561566],[139.776881,35.561634],[139.776857,35.561717],[139.776818,35.561797],[139.776508,35.562236],[139.776075,35.56283],[139.776503,35.563026],[139.776462,35.563084],[139.776532,35.563118],[139.776499,35.563166],[139.776641,35.563236],[139.776602,35.563293],[139.776799,35.56339],[139.776652,35.563593],[139.777237,35.563896],[139.777199,35.563944],[139.777338,35.564007],[139.777296,35.564064],[139.778208,35.564498],[139.778291,35.564372],[139.780074,35.565224],[139.781349,35.563424],[139.776626,35.561188]]]}},{"type":"Feature","properties":{"aeroway":"apron"},"geometry":{"type":"Polygon","coordinates":[[[139.79469,35.547999],[139.793887,35.549108],[139.790832,35.547677],[139.791632,35.546536],[139.79469,35.547999]]]}},{"type":"Feature","properties":{"aeroway":"taxiway","ref":"R","surface":"asphalt"},"geometry":{"type":"LineString","coordinates":[[139.79386,35.546867],[139.793809,35.546829],[139.793772,35.546797],[139.793734,35.546754],[139.793702,35.546704],[139.79367,35.546648],[139.79365,35.546587],[139.793639,35.546521],[139.793641,35.54645],[139.793656,35.5464],[139.793669,35.546365],[139.793688,35.546315]]}},{"type":"Feature","properties":{"aeroway":"taxiway","ref":"R","surface":"asphalt"},"geometry":{"type":"LineString","coordinates":[[139.797151,35.541416],[139.796779,35.541935],[139.79675,35.541976],[139.796585,35.542208],[139.796386,35.542488],[139.796347,35.54254],[139.796002,35.543029],[139.795946,35.543106],[139.795614,35.543576],[139.795519,35.54371],[139.795367,35.543924],[139.795231,35.544116],[139.795197,35.544164],[139.794866,35.54463],[139.794839,35.544669],[139.79446,35.545203],[139.794286,35.545466],[139.794242,35.54553],[139.79399,35.545884],[139.79375,35.546227],[139.793688,35.546315]]}},{"type":"Feature","properties":{"aeroway":"taxiway","surface":"asphalt"},"geometry":{"type":"LineString","coordinates":[[139.794497,35.546125],[139.794433,35.546078],[139.79438,35.546028],[139.794334,35.545973],[139.794296,35.545915],[139.794266,35.545848],[139.794243,35.545773],[139.794237,35.545705],[139.794239,35.545634],[139.794247,35.545576],[139.794264,35.545527],[139.794286,35.545466]]}},{"type":"Feature","properties":{"aeroway":"taxiway","ref":"H1","surface":"asphalt"},"geometry":{"type":"LineString","coordinates":[[139.788906,35.544518],[139.788829,35.544456],[139.788773,35.544403],[139.788728,35.544335],[139.788699,35.544264],[139.788678,35.544202],[139.788676,35.544138],[139.788681,35.544084],[139.788698,35.544036],[139.788719,35.543985],[139.788754,35.543921],[139.788807,35.543859],[139.788839,35.543826],[139.788896,35.543784],[139.788968,35.543752],[139.789037,35.543726],[139.789112,35.543709],[139.789194,35.5437],[139.78928,35.543702],[139.789362,35.543712],[139.789438,35.543728]]}},{"type":"Feature","properties":{"aeroway":"taxiway","surface":"asphalt"},"geometry":{"type":"LineString","coordinates":[[139.793536,35.545666],[139.793617,35.545694],[139.793676,35.545707],[139.793739,35.545716],[139.793823,35.545715],[139.793899,35.545707],[139.793971,35.545692],[139.794047,35.545668],[139.794114,35.545635],[139.794172,35.545593],[139.794242,35.54553]]}},{"type":"Feature","properties":{"aeroway":"taxiway","ref":"R","surface":"asphalt"},"geometry":{"type":"LineString","coordinates":[[139.792993,35.546456],[139.793055,35.546473],[139.793116,35.546486],[139.793189,35.546496],[139.793268,35.546497],[139.793347,35.546489],[139.793426,35.546473],[139.793489,35.546452],[139.793559,35.546417],[139.793607,35.546387],[139.793641,35.546357],[139.793688,35.546315]]}},{"type":"Feature","properties":{"aeroway":"taxiway","ref":"W","surface":"asphalt"},"geometry":{"type":"LineString","coordinates":[[139.78484,35.543147],[139.784896,35.543062],[139.785138,35.542732],[139.78542,35.54234],[139.785451,35.542287],[139.785688,35.541947],[139.78594,35.541594],[139.785991,35.541522]]}},{"type":"Feature","properties":{"aeroway":"taxiway","surface":"asphalt"},"geometry":{"type":"LineString","coordinates":[[139.802846,35.539328],[139.802886,35.539265],[139.802917,35.539214],[139.802936,35.539153],[139.802945,35.539089],[139.80294,35.539026],[139.802933,35.538976],[139.80291,35.53892],[139.802876,35.538861],[139.802832,35.538804],[139.80278,35.538753],[139.802716,35.538703]]}},{"type":"Feature","properties":{"aeroway":"taxiway","ref":"R","surface":"asphalt"},"geometry":{"type":"LineString","coordinates":[[139.804917,35.530481],[139.804968,35.530407],[139.805086,35.530241],[139.805238,35.530035],[139.805434,35.529749],[139.805615,35.529503],[139.805679,35.529414],[139.805786,35.529259],[139.805832,35.529194],[139.805852,35.529163],[139.806012,35.528937]]}},{"type":"Feature","properties":{"aeroway":"taxiway","surface":"asphalt"},"geometry":{"type":"LineString","coordinates":[[139.792534,35.553006],[139.792595,35.553043],[139.79264,35.553081],[139.792682,35.553121],[139.792717,35.553165],[139.792747,35.553219],[139.79277,35.553277],[139.792782,35.553336],[139.792786,35.553386],[139.792781,35.553441],[139.792774,35.553488],[139.792739,35.553574]]}},{"type":"Feature","properties":{"aeroway":"taxiway","surface":"asphalt"},"geometry":{"type":"LineString","coordinates":[[139.792838,35.555092],[139.792723,35.555123],[139.79265,35.555134],[139.792578,35.555136],[139.792503,35.555132],[139.792437,35.555121],[139.792373,35.555102],[139.792304,35.555075],[139.792233,35.555034],[139.792176,35.554991],[139.792128,35.554943],[139.792088,35.554889],[139.792059,35.554831],[139.792041,35.55477],[139.792031,35.554714],[139.792034,35.554648],[139.792045,35.554586],[139.792071,35.554513]]}},{"type":"Feature","properties":{"aeroway":"taxiway","ref":"M2","surface":"asphalt"},"geometry":{"type":"LineString","coordinates":[[139.790861,35.552213],[139.790892,35.552227],[139.791539,35.552536],[139.792031,35.552772],[139.792468,35.552977],[139.792482,35.552984],[139.792534,35.553006]]}},{"type":"Feature","properties":{"aeroway":"taxiway","surface":"asphalt"},"geometry":{"type":"LineString","coordinates":[[139.792534,35.553006],[139.792602,35.553031],[139.79266,35.553044],[139.79271,35.553052],[139.792768,35.553055],[139.792822,35.553055],[139.792843,35.553053],[139.792892,35.553048],[139.792952,35.553037],[139.793016,35.553017],[139.793078,35.552992],[139.793133,35.552963],[139.793185,35.552926],[139.793245,35.552867]]}},{"type":"Feature","properties":{"aeroway":"taxiway","surface":"asphalt"},"geometry":{"type":"LineString","coordinates":[[139.818014,35.536951],[139.818058,35.537014],[139.818088,35.537083],[139.818108,35.537154],[139.818114,35.537216],[139.818115,35.537269],[139.818108,35.537325],[139.818091,35.537388],[139.818065,35.537452],[139.818036,35.537498],[139.817987,35.537558],[139.817928,35.53762]]}},{"type":"Feature","properties":{"aeroway":"taxiway","surface":"asphalt"},"geometry":{"type":"LineString","coordinates":[[139.818796,35.537644],[139.818629,35.537549],[139.81856,35.537525],[139.818466,35.537507],[139.818362,35.537502],[139.818277,35.537502],[139.818199,35.537514],[139.818131,35.53753],[139.818068,35.537552],[139.818003,35.537578],[139.817928,35.53762]]}},{"type":"Feature","properties":{"aeroway":"taxiway","ref":"D6","surface":"asphalt"},"geometry":{"type":"LineString","coordinates":[[139.817244,35.53814],[139.817197,35.538182],[139.817152,35.538232],[139.817109,35.538283],[139.817074,35.538343],[139.817051,35.538406],[139.817039,35.538459],[139.817034,35.538537],[139.81704,35.538601],[139.817052,35.53866],[139.817077,35.538723],[139.817106,35.538777],[139.817179,35.538871]]}},{"type":"Feature","properties":{"aeroway":"taxiway","surface":"asphalt"},"geometry":{"type":"LineString","coordinates":[[139.805086,35.530241],[139.805155,35.530183],[139.805205,35.530149],[139.805269,35.530115],[139.805334,35.530092],[139.805407,35.53007],[139.805486,35.530062],[139.80558,35.53006],[139.805667,35.53007],[139.805739,35.530088],[139.805805,35.530121],[139.805898,35.530164],[139.805942,35.530209],[139.80599,35.530253],[139.806022,35.530304],[139.806053,35.530352],[139.806071,35.530407],[139.80608,35.530467],[139.806087,35.530518],[139.806079,35.530579],[139.806069,35.530625],[139.806047,35.530686]]}},{"type":"Feature","properties":{"aeroway":"taxiway","surface":"asphalt"},"geometry":{"type":"LineString","coordinates":[[139.799538,35.537043],[139.799605,35.537082],[139.799654,35.53712],[139.799704,35.537166],[139.799746,35.537218],[139.799785,35.53728],[139.799809,35.537334],[139.799827,35.537393],[139.799835,35.537454],[139.799836,35.537516],[139.799831,35.537576],[139.799815,35.537638],[139.799794,35.537686],[139.799764,35.537743]]}},{"type":"Feature","properties":{"aeroway":"taxiway","ref":"RU3","surface":"asphalt"},"geometry":{"type":"LineString","coordinates":[[139.800322,35.536962],[139.800297,35.53704],[139.800288,35.537089],[139.800284,35.537142],[139.800288,35.5372],[139.800307,35.53726],[139.800331,35.53732],[139.800365,35.537371],[139.800406,35.537416],[139.800445,35.53745],[139.800504,35.537496]]}},{"type":"Feature","properties":{"aeroway":"taxiway","ref":"RU3","surface":"asphalt"},"geometry":{"type":"LineString","coordinates":[[139.799538,35.537043],[139.799613,35.537069],[139.799698,35.537089],[139.799768,35.537098],[139.79984,35.537099],[139.799908,35.537098],[139.799986,35.537089],[139.800057,35.537071],[139.800127,35.537048],[139.800185,35.537022],[139.800246,35.536989],[139.800286,35.536961],[139.800328,35.536926],[139.800371,35.536888]]}},{"type":"Feature","properties":{"aeroway":"taxiway","surface":"asphalt"},"geometry":{"type":"LineString","coordinates":[[139.806343,35.530267],[139.806395,35.530213],[139.806454,35.530158],[139.806512,35.530118],[139.806575,35.530084],[139.806642,35.530055],[139.806713,35.530033],[139.806786,35.530017],[139.806861,35.530007],[139.806937,35.530004],[139.807012,35.530008],[139.807075,35.530019],[139.80714,35.530036],[139.807202,35.530058],[139.807264,35.530086],[139.807314,35.530116],[139.807389,35.530163]]}},{"type":"Feature","properties":{"aeroway":"taxiway","surface":"asphalt"},"geometry":{"type":"LineString","coordinates":[[139.805741,35.530027],[139.80579,35.530057],[139.805836,35.530083],[139.805892,35.530107],[139.805948,35.530124],[139.806002,35.530137],[139.806062,35.530143],[139.806128,35.530143],[139.806189,35.53014],[139.806252,35.530131],[139.806313,35.530115],[139.806372,35.530092],[139.806425,35.530064],[139.806469,35.530038],[139.806513,35.530005],[139.806571,35.52995]]}},{"type":"Feature","properties":{"aeroway":"taxiway","surface":"asphalt"},"geometry":{"type":"LineString","coordinates":[[139.805142,35.529493],[139.80519,35.529548],[139.805218,35.529593],[139.805235,35.529636],[139.805252,35.529687],[139.805266,35.52975],[139.805275,35.529819],[139.805275,35.529882],[139.805269,35.529952],[139.805238,35.530035]]}},{"type":"Feature","properties":{"aeroway":"taxiway","surface":"asphalt"},"geometry":{"type":"LineString","coordinates":[[139.784013,35.564067],[139.78398,35.5641],[139.783936,35.564138],[139.783883,35.564173],[139.783822,35.564206],[139.783749,35.564233],[139.783686,35.564246],[139.783617,35.564256],[139.783537,35.564255],[139.783458,35.564244],[139.783394,35.564229],[139.783313,35.564208]]}},{"type":"Feature","properties":{"aeroway":"taxiway","surface":"asphalt"},"geometry":{"type":"LineString","coordinates":[[139.784013,35.564067],[139.783997,35.564111],[139.783979,35.564158],[139.783969,35.564211],[139.783966,35.564267],[139.783971,35.56432],[139.783985,35.564379],[139.784007,35.564433],[139.784042,35.564484],[139.784077,35.564529],[139.784123,35.564569],[139.784197,35.564623]]}},{"type":"Feature","properties":{"aeroway":"taxiway","surface":"asphalt"},"geometry":{"type":"LineString","coordinates":[[139.785522,35.563742],[139.785502,35.563797],[139.785488,35.563837],[139.78548,35.563885],[139.785475,35.563942],[139.785482,35.563996],[139.785493,35.564041],[139.785513,35.564086],[139.785536,35.564134],[139.78557,35.56418],[139.785607,35.564221],[139.785644,35.564257],[139.785702,35.564297]]}},{"type":"Feature","properties":{"aeroway":"taxiway","surface":"asphalt"},"geometry":{"type":"LineString","coordinates":[[139.785702,35.564297],[139.785632,35.564277],[139.785572,35.564267],[139.7855,35.56426],[139.785425,35.564262],[139.785354,35.564269],[139.785294,35.564284],[139.78523,35.564306],[139.785172,35.564333],[139.785134,35.564356],[139.785093,35.564381],[139.785053,35.564417],[139.785018,35.564452]]}},{"type":"Feature","properties":{"aeroway":"taxiway","surface":"asphalt"},"geometry":{"type":"LineString","coordinates":[[139.784619,35.563218],[139.784557,35.563278],[139.784514,35.563306],[139.784467,35.563339],[139.784407,35.563371],[139.784348,35.563396],[139.784279,35.563417],[139.784216,35.56343],[139.78415,35.563438],[139.784081,35.563441],[139.784002,35.563436],[139.783926,35.563424],[139.783858,35.563411],[139.783788,35.563387]]}},{"type":"Feature","properties":{"aeroway":"taxiway","surface":"asphalt"},"geometry":{"type":"LineString","coordinates":[[139.78458,35.563273],[139.784554,35.563328],[139.784533,35.563379],[139.784523,35.563426],[139.784522,35.563482],[139.784524,35.56354],[139.784537,35.563592],[139.784559,35.563634],[139.784581,35.56368],[139.784618,35.563729],[139.784656,35.56377],[139.784708,35.563822]]}},{"type":"Feature","properties":{"aeroway":"taxiway","surface":"asphalt"},"geometry":{"type":"LineString","coordinates":[[139.782838,35.56237],[139.782808,35.562441],[139.782794,35.562486],[139.782782,35.562541],[139.782779,35.562595],[139.782782,35.562653],[139.782794,35.562711],[139.782814,35.562772],[139.782846,35.562838],[139.782888,35.562895],[139.782934,35.562948],[139.782983,35.56299],[139.783034,35.563028]]}},{"type":"Feature","properties":{"aeroway":"taxiway","surface":"asphalt"},"geometry":{"type":"LineString","coordinates":[[139.782027,35.562553],[139.782094,35.562572],[139.782171,35.562585],[139.782239,35.562591],[139.782314,35.562593],[139.782407,35.562589],[139.782494,35.562575],[139.78257,35.562552],[139.782637,35.562524],[139.782688,35.562495],[139.782738,35.56246],[139.78279,35.562418],[139.782838,35.56237]]}},{"type":"Feature","properties":{"aeroway":"taxiway","surface":"asphalt"},"geometry":{"type":"LineString","coordinates":[[139.78485,35.563892],[139.784918,35.563909],[139.784961,35.563918],[139.785013,35.563926],[139.785053,35.563928],[139.785106,35.563926],[139.785166,35.563922],[139.785206,35.563915],[139.785245,35.563906],[139.785284,35.563895],[139.785317,35.56388],[139.785355,35.563863],[139.785399,35.56384],[139.785438,35.563814],[139.785478,35.563784],[139.785522,35.563742]]}},{"type":"Feature","properties":{"aeroway":"taxiway","surface":"asphalt"},"geometry":{"type":"LineString","coordinates":[[139.782968,35.562999],[139.782894,35.562978],[139.782825,35.562963],[139.782753,35.562961],[139.782687,35.562961],[139.782627,35.562969],[139.78256,35.562984],[139.782497,35.563005],[139.782429,35.563033],[139.782377,35.563065],[139.78234,35.563095],[139.782306,35.563124],[139.782278,35.563157]]}},{"type":"Feature","properties":{"aeroway":"taxiway","surface":"asphalt"},"geometry":{"type":"LineString","coordinates":[[139.781524,35.563357],[139.781604,35.563385],[139.781675,35.563401],[139.781748,35.563409],[139.781821,35.563409],[139.781894,35.563401],[139.781964,35.563385],[139.782032,35.563361],[139.782094,35.56333],[139.782151,35.563292],[139.782198,35.563254],[139.78224,35.563209]]}},{"type":"Feature","properties":{"aeroway":"taxiway","surface":"asphalt"},"geometry":{"type":"LineString","coordinates":[[139.781673,35.564008],[139.781735,35.563947],[139.781781,35.563908],[139.781841,35.563873],[139.781905,35.563839],[139.781976,35.563812],[139.78205,35.56379],[139.782122,35.563778],[139.782205,35.563771],[139.782285,35.563773],[139.782353,35.563785],[139.782393,35.56379],[139.78248,35.563813]]}},{"type":"Feature","properties":{"aeroway":"taxiway","surface":"asphalt"},"geometry":{"type":"LineString","coordinates":[[139.78144,35.563319],[139.78151,35.563362],[139.78157,35.563409],[139.781616,35.563458],[139.781656,35.563512],[139.781688,35.563568],[139.781712,35.563626],[139.781732,35.563687],[139.781741,35.563755],[139.781738,35.563815],[139.781724,35.563873],[139.781712,35.563919],[139.781673,35.564008]]}},{"type":"Feature","properties":{"aeroway":"taxiway","surface":"asphalt"},"geometry":{"type":"LineString","coordinates":[[139.780265,35.565482],[139.78035,35.56545],[139.7804,35.565435],[139.780449,35.565423],[139.7805,35.565411],[139.78055,35.565406],[139.780605,35.565403],[139.78066,35.565404],[139.780715,35.565409],[139.780769,35.565418],[139.780821,35.565432],[139.780872,35.565449],[139.780921,35.565469]]}},{"type":"Feature","properties":{"aeroway":"taxiway","surface":"asphalt"},"geometry":{"type":"LineString","coordinates":[[139.779787,35.565751],[139.77984,35.565714],[139.779888,35.565671],[139.77993,35.565625],[139.779965,35.565575],[139.779994,35.565522],[139.780014,35.565468],[139.780028,35.565411],[139.780033,35.565354],[139.780031,35.565296],[139.780021,35.565239],[139.780003,35.565184],[139.779978,35.56513],[139.779945,35.565079],[139.779906,35.565031],[139.779861,35.564987],[139.779809,35.564947],[139.779753,35.564912]]}},{"type":"Feature","properties":{"aeroway":"taxiway","surface":"asphalt"},"geometry":{"type":"LineString","coordinates":[[139.78018,35.565113],[139.780258,35.56514],[139.78034,35.565158],[139.780423,35.565168],[139.780508,35.565168],[139.780592,35.56516],[139.780674,35.565144],[139.780752,35.565119],[139.780826,35.565086],[139.780895,35.565045],[139.780956,35.564998],[139.780994,35.564967]]}},{"type":"Feature","properties":{"aeroway":"taxiway","surface":"asphalt"},"geometry":{"type":"LineString","coordinates":[[139.781018,35.564932],[139.780994,35.564978],[139.780974,35.565027],[139.780961,35.565072],[139.780954,35.565124],[139.780952,35.565173],[139.780952,35.565219],[139.780958,35.565266],[139.780974,35.565315],[139.780994,35.565365],[139.781022,35.565417],[139.781057,35.565467],[139.781092,35.565506],[139.781145,35.565553],[139.781203,35.565593],[139.781217,35.565603]]}},{"type":"Feature","properties":{"aeroway":"taxiway","surface":"asphalt"},"geometry":{"type":"LineString","coordinates":[[139.786942,35.560914],[139.786984,35.560941],[139.787024,35.560972],[139.787068,35.561016],[139.787109,35.561067],[139.787138,35.561115],[139.787163,35.56117],[139.787174,35.561221],[139.787179,35.561265],[139.78718,35.561316],[139.787173,35.561362],[139.787163,35.561398],[139.787151,35.561429],[139.787134,35.561472]]}},{"type":"Feature","properties":{"aeroway":"taxiway","surface":"asphalt"},"geometry":{"type":"LineString","coordinates":[[139.786942,35.560914],[139.78699,35.560929],[139.787036,35.560942],[139.7871,35.560952],[139.787163,35.560957],[139.787236,35.560954],[139.78731,35.560945],[139.787375,35.560929],[139.787434,35.560907],[139.787481,35.560886],[139.78753,35.560855],[139.787569,35.560827],[139.787602,35.560798],[139.787642,35.560757]]}},{"type":"Feature","properties":{"aeroway":"taxiway","surface":"asphalt"},"geometry":{"type":"LineString","coordinates":[[139.787909,35.561375],[139.787857,35.561339],[139.787816,35.561307],[139.787774,35.561267],[139.787732,35.56122],[139.787699,35.561172],[139.787668,35.561116],[139.787646,35.56106],[139.787636,35.561001],[139.787627,35.560939],[139.787629,35.56088],[139.787637,35.560824],[139.787654,35.560769],[139.78767,35.560732],[139.787695,35.56068]]}},{"type":"Feature","properties":{"aeroway":"taxiway","surface":"asphalt"},"geometry":{"type":"LineString","coordinates":[[139.787087,35.561539],[139.787137,35.561497],[139.787181,35.561462],[139.787226,35.561432],[139.78727,35.561406],[139.787327,35.561382],[139.787382,35.561362],[139.78744,35.561345],[139.787498,35.561333],[139.787563,35.561327],[139.787632,35.561326],[139.787699,35.561328],[139.787765,35.561337],[139.787818,35.561349],[139.787866,35.561361],[139.787909,35.561375]]}},{"type":"Feature","properties":{"aeroway":"taxiway","surface":"asphalt"},"geometry":{"type":"LineString","coordinates":[[139.789594,35.558011],[139.78964,35.557964],[139.789696,35.557922],[139.789756,35.557887],[139.789822,35.557857],[139.789891,35.557833],[139.789963,35.557816],[139.790037,35.557807],[139.790112,35.557804],[139.79019,35.557808],[139.790255,35.557816],[139.790328,35.557832],[139.790393,35.557851]]}},{"type":"Feature","properties":{"aeroway":"taxiway","surface":"asphalt"},"geometry":{"type":"LineString","coordinates":[[139.790182,35.557182],[139.790146,35.557261],[139.79013,35.557316],[139.79012,35.557373],[139.79012,35.557435],[139.790128,35.557501],[139.790144,35.557557],[139.790164,35.557603],[139.790184,35.557646],[139.790213,35.557689],[139.790251,35.557735],[139.790292,35.557774],[139.790346,35.557814],[139.790393,35.557851]]}},{"type":"Feature","properties":{"aeroway":"taxiway","surface":"asphalt"},"geometry":{"type":"LineString","coordinates":[[139.789355,35.557362],[139.789287,35.557341],[139.789233,35.557327],[139.789165,35.557322],[139.789087,35.557323],[139.789014,35.557329],[139.788967,35.557339],[139.788905,35.557356],[139.788843,35.557382],[139.788788,35.557416],[139.788744,35.557447],[139.788699,35.557484],[139.788659,35.557526]]}},{"type":"Feature","properties":{"aeroway":"taxiway","surface":"asphalt"},"geometry":{"type":"LineString","coordinates":[[139.789176,35.556794],[139.789153,35.55685],[139.789133,35.556903],[139.789126,35.556951],[139.789124,35.556996],[139.789127,35.557039],[139.789135,35.557087],[139.789157,35.557146],[139.789181,35.557194],[139.789216,35.557243],[139.789254,35.557285],[139.7893,35.557324],[139.789355,35.557362]]}},{"type":"Feature","properties":{"aeroway":"taxiway","surface":"asphalt"},"geometry":{"type":"LineString","coordinates":[[139.791151,35.554848],[139.791128,35.554838],[139.791065,35.554822],[139.791006,35.554811],[139.790941,35.554804],[139.79087,35.554805],[139.790795,35.554814],[139.79072,35.554831],[139.790656,35.554855],[139.790595,35.554886],[139.790547,35.554911],[139.790505,35.554943],[139.790469,35.554977]]}},{"type":"Feature","properties":{"aeroway":"taxiway","surface":"asphalt"},"geometry":{"type":"LineString","coordinates":[[139.791383,35.555491],[139.791433,35.555436],[139.791479,35.555398],[139.791531,35.55536],[139.791597,35.555323],[139.791661,35.555296],[139.791727,35.555275],[139.791799,35.55526],[139.791872,35.555251],[139.791942,35.555251],[139.792008,35.555253],[139.792074,35.555261]]}},{"type":"Feature","properties":{"aeroway":"taxiway","surface":"asphalt"},"geometry":{"type":"LineString","coordinates":[[139.791151,35.554848],[139.791113,35.554819],[139.791075,35.554794],[139.791032,35.554758],[139.790996,35.554711],[139.790962,35.55466],[139.790941,35.554609],[139.790924,35.554546],[139.790918,35.554494],[139.790919,35.554442],[139.790926,35.554392],[139.79094,35.554344],[139.790963,35.554293],[139.790996,35.554229]]}},{"type":"Feature","properties":{"aeroway":"taxiway","surface":"asphalt"},"geometry":{"type":"LineString","coordinates":[[139.794016,35.551772],[139.794099,35.551703],[139.79417,35.55166],[139.794254,35.551623],[139.794341,35.5516],[139.794403,35.551592],[139.794492,35.551591],[139.794569,35.551597],[139.794645,35.551615],[139.794736,35.551648],[139.794809,35.551691],[139.794876,35.551744],[139.794922,35.551792],[139.794961,35.55184],[139.794984,35.55189],[139.795014,35.551965]]}},{"type":"Feature","properties":{"aeroway":"taxiway","surface":"asphalt"},"geometry":{"type":"LineString","coordinates":[[139.792847,35.550659],[139.792861,35.550666],[139.792933,35.550687],[139.792986,35.550699],[139.793062,35.550706],[139.793146,35.550708],[139.793238,35.550704],[139.793311,35.550688],[139.793378,35.550671],[139.793439,35.550645],[139.793501,35.550615],[139.793559,35.55058],[139.793591,35.550554],[139.793639,35.550509]]}},{"type":"Feature","properties":{"aeroway":"taxiway","surface":"asphalt"},"geometry":{"type":"LineString","coordinates":[[139.794754,35.551571],[139.794708,35.551528],[139.79465,35.551468],[139.794614,35.551414],[139.794587,35.55136],[139.794563,35.551302],[139.794552,35.551252],[139.794545,35.551193],[139.794545,35.551139],[139.794552,35.55109],[139.794569,35.551036],[139.7946,35.550949]]}},{"type":"Feature","properties":{"aeroway":"taxiway","surface":"asphalt"},"geometry":{"type":"LineString","coordinates":[[139.794071,35.551695],[139.794086,35.551655],[139.794101,35.551622],[139.794112,35.551566],[139.794115,35.551497],[139.794104,35.551433],[139.794087,35.551376],[139.794069,35.551341],[139.794039,35.55129],[139.793998,35.551247],[139.793959,35.551208],[139.793923,35.551181],[139.79388,35.55115]]}},{"type":"Feature","properties":{"aeroway":"taxiway","surface":"asphalt"},"geometry":{"type":"LineString","coordinates":[[139.798665,35.545229],[139.798614,35.545287],[139.798567,35.545327],[139.798502,35.545365],[139.79845,35.545393],[139.79839,35.545415],[139.798317,35.545435],[139.798249,35.545446],[139.798185,35.545449],[139.798113,35.545448],[139.798052,35.545437],[139.797994,35.54542],[139.797906,35.545385],[139.797861,35.545363],[139.797827,35.545339],[139.797782,35.545306],[139.797743,35.545269],[139.797702,35.545214],[139.797667,35.545154],[139.797648,35.545099],[139.79764,35.545056],[139.797635,35.545005],[139.79764,35.544945],[139.797648,35.544893],[139.797673,35.544825]]}},{"type":"Feature","properties":{"aeroway":"taxiway","ref":"A13","surface":"asphalt"},"geometry":{"type":"LineString","coordinates":[[139.772872,35.554621],[139.772819,35.554714],[139.772782,35.554774],[139.772767,35.554833],[139.772762,35.554881],[139.772764,35.55495],[139.772772,35.555011],[139.772793,35.55508],[139.77282,35.555137],[139.772857,35.555198],[139.772906,35.555256],[139.772959,35.555304],[139.77302,35.555349],[139.773075,35.555379],[139.773243,35.55546],[139.773393,35.555531],[139.773522,35.555593],[139.773789,35.555719],[139.773904,35.555768],[139.774426,35.556018]]}},{"type":"Feature","properties":{"aeroway":"taxiway","surface":"asphalt"},"geometry":{"type":"LineString","coordinates":[[139.7749,35.556242],[139.774826,35.556216],[139.77476,35.556199],[139.774678,35.556185],[139.774593,35.556185],[139.774527,35.55619],[139.774453,35.556208],[139.774393,35.556226],[139.77434,35.556251],[139.774288,35.556278],[139.774236,35.556317],[139.774186,35.556358]]}},{"type":"Feature","properties":{"aeroway":"taxiway","surface":"asphalt"},"geometry":{"type":"LineString","coordinates":[[139.77474,35.555583],[139.774718,35.555609],[139.774665,35.555656],[139.77461,35.555705],[139.774545,35.555743],[139.774469,35.555772],[139.774394,35.555798],[139.774327,35.555812],[139.774244,35.555822],[139.774162,35.555822],[139.774086,35.555817],[139.77401,35.5558],[139.773904,35.555768]]}},{"type":"Feature","properties":{"aeroway":"taxiway","surface":"asphalt"},"geometry":{"type":"LineString","coordinates":[[139.773523,35.55534],[139.773528,35.555356],[139.773542,35.555408],[139.773565,35.55547],[139.773592,35.555523],[139.773625,35.555571],[139.773678,35.55563],[139.773719,35.555667],[139.773789,35.555719]]}},{"type":"Feature","properties":{"aeroway":"taxiway","surface":"asphalt"},"geometry":{"type":"LineString","coordinates":[[139.7749,35.556242],[139.774838,35.556208],[139.774802,35.556184],[139.774762,35.556147],[139.77472,35.556102],[139.774686,35.556053],[139.774657,35.555998],[139.774639,35.55594],[139.774629,35.55588],[139.774631,35.555832],[139.774636,35.555791],[139.774647,35.555746],[139.774661,35.555709],[139.774678,35.555672]]}},{"type":"Feature","properties":{"aeroway":"taxiway","surface":"asphalt"},"geometry":{"type":"LineString","coordinates":[[139.786951,35.537366],[139.787022,35.537408],[139.787068,35.537444],[139.787114,35.537488],[139.787155,35.537539],[139.78719,35.537594],[139.787207,35.537631],[139.787213,35.537644],[139.787235,35.53771],[139.787242,35.537743],[139.787247,35.53782],[139.787242,35.53788],[139.787226,35.537953],[139.787195,35.53803]]}},{"type":"Feature","properties":{"aeroway":"taxiway","surface":"asphalt"},"geometry":{"type":"LineString","coordinates":[[139.787224,35.537988],[139.787262,35.537947],[139.787316,35.537904],[139.787373,35.537865],[139.787434,35.537835],[139.787505,35.537807],[139.787591,35.537786],[139.787682,35.537781],[139.787765,35.537784],[139.787845,35.537799],[139.787942,35.537829]]}},{"type":"Feature","properties":{"aeroway":"taxiway","ref":"A8","surface":"asphalt"},"geometry":{"type":"LineString","coordinates":[[139.780264,35.547796],[139.780203,35.547853],[139.780138,35.547904],[139.780071,35.547945],[139.780003,35.547978],[139.779934,35.548],[139.779846,35.54802],[139.779769,35.548028],[139.779678,35.548029],[139.779607,35.548021],[139.779542,35.548006],[139.779453,35.547985]]}},{"type":"Feature","properties":{"aeroway":"taxiway","ref":"A10","surface":"asphalt"},"geometry":{"type":"LineString","coordinates":[[139.776296,35.551404],[139.776297,35.551357],[139.776299,35.551105],[139.776315,35.550889],[139.776325,35.550737],[139.776362,35.55052],[139.776408,35.550297],[139.776444,35.55014],[139.776486,35.549983],[139.776533,35.549828],[139.776585,35.549673],[139.776643,35.54952],[139.776705,35.549368],[139.776773,35.549218],[139.776794,35.549176],[139.776846,35.549069],[139.776919,35.54892]]}},{"type":"Feature","properties":{"aeroway":"taxiway","ref":"W10","surface":"asphalt"},"geometry":{"type":"LineString","coordinates":[[139.77765,35.552337],[139.777198,35.552118]]}},{"type":"Feature","properties":{"aeroway":"taxiway","ref":"W10","surface":"asphalt"},"geometry":{"type":"LineString","coordinates":[[139.778394,35.55223],[139.778335,35.552277],[139.778293,35.552309],[139.778232,35.552346],[139.778173,35.552373],[139.778121,35.552389],[139.778063,35.552403],[139.778,35.552408],[139.777923,35.552409],[139.777858,35.552405],[139.777792,35.552392],[139.777778,35.552387],[139.777722,35.552368],[139.77765,35.552337]]}},{"type":"Feature","properties":{"aeroway":"taxiway","ref":"W10","surface":"asphalt"},"geometry":{"type":"LineString","coordinates":[[139.777901,35.552926],[139.777926,35.552864],[139.77794,35.552811],[139.777944,35.552751],[139.777945,35.552705],[139.777937,35.552652],[139.77792,35.552602],[139.777909,35.552573],[139.777879,35.552522],[139.777849,35.552482],[139.777806,35.552438],[139.777766,35.552405],[139.777721,35.552375],[139.77765,35.552337]]}},{"type":"Feature","properties":{"aeroway":"taxiway","ref":"A10","surface":"asphalt"},"geometry":{"type":"LineString","coordinates":[[139.777493,35.551703],[139.777426,35.551761],[139.777374,35.5518],[139.77732,35.551834],[139.77726,35.551863],[139.777196,35.551888],[139.777122,35.551908],[139.777046,35.551917],[139.776966,35.551922],[139.776892,35.551921],[139.776817,35.551912],[139.776748,35.551896],[139.776682,35.551876],[139.776601,35.551841],[139.77655,35.55181],[139.7765,35.551773],[139.776448,35.551726],[139.776404,35.551676],[139.77636,35.551615],[139.776329,35.551553],[139.776308,35.551481],[139.776296,35.551404]]}},{"type":"Feature","properties":{"aeroway":"taxiway","surface":"asphalt"},"geometry":{"type":"LineString","coordinates":[[139.777731,35.553164],[139.777674,35.553222],[139.777617,35.553256],[139.777555,35.553284],[139.777481,35.553316],[139.777412,35.553332],[139.77735,35.553342],[139.777274,35.553343],[139.777202,35.553338],[139.777134,35.553329],[139.777114,35.553324],[139.77706,35.553309]]}},{"type":"Feature","properties":{"aeroway":"taxiway","surface":"asphalt"},"geometry":{"type":"LineString","coordinates":[[139.778036,35.553773],[139.778155,35.553816],[139.778253,35.553833],[139.778348,35.553833],[139.778436,35.553819],[139.778517,35.553795],[139.7786,35.553763],[139.778672,35.553718],[139.778736,35.553669]]}},{"type":"Feature","properties":{"aeroway":"taxiway","ref":"L11","surface":"asphalt"},"geometry":{"type":"LineString","coordinates":[[139.773248,35.551502],[139.773801,35.551762],[139.773892,35.551805],[139.774092,35.551902],[139.774397,35.552042],[139.774628,35.552147]]}},{"type":"Feature","properties":{"aeroway":"taxiway","surface":"asphalt"},"geometry":{"type":"LineString","coordinates":[[139.776278,35.553416],[139.776339,35.55336],[139.776396,35.553318],[139.776447,35.553288],[139.776504,35.553261],[139.776574,35.55324],[139.776647,35.553227],[139.776722,35.553222],[139.776797,35.553225],[139.77687,35.553236],[139.776948,35.553254]]}},{"type":"Feature","properties":{"aeroway":"taxiway","surface":"asphalt"},"geometry":{"type":"LineString","coordinates":[[139.776233,35.553477],[139.776261,35.553412],[139.776281,35.553357],[139.77629,35.553302],[139.776292,35.553231],[139.776286,35.553175],[139.776276,35.553137],[139.776256,35.55308],[139.776227,35.553025],[139.776192,35.552972],[139.776149,35.552924],[139.7761,35.552879],[139.776046,35.552839],[139.776008,35.552812]]}},{"type":"Feature","properties":{"aeroway":"taxiway","surface":"asphalt"},"geometry":{"type":"LineString","coordinates":[[139.77491,35.55175],[139.774894,35.551798],[139.774879,35.551862],[139.774866,35.551941],[139.77487,35.552024],[139.774886,35.552085],[139.774914,35.552147],[139.774938,35.552195],[139.774981,35.552257],[139.775029,35.552309],[139.775082,35.552356],[139.77515,35.552403]]}},{"type":"Feature","properties":{"aeroway":"taxiway","surface":"asphalt"},"geometry":{"type":"LineString","coordinates":[[139.77684,35.552625],[139.776792,35.552673],[139.77674,35.552719],[139.776684,35.552756],[139.77662,35.55279],[139.776555,35.552816],[139.77649,35.552837],[139.77642,35.552853],[139.776351,35.55286],[139.776325,35.552861],[139.776294,35.552862],[139.776223,35.552859],[139.776163,35.552853],[139.776109,35.552842],[139.776055,35.552828],[139.776008,35.552812]]}},{"type":"Feature","properties":{"aeroway":"taxiway","surface":"asphalt"},"geometry":{"type":"LineString","coordinates":[[139.774343,35.552548],[139.774381,35.552517],[139.774431,35.552485],[139.774484,35.552451],[139.774572,35.55241],[139.774639,35.552383],[139.774712,35.552364],[139.774769,35.552355],[139.774856,35.552352],[139.77494,35.552355],[139.774999,35.552362],[139.775064,35.552376],[139.77515,35.552403]]}},{"type":"Feature","properties":{"aeroway":"taxiway","surface":"asphalt"},"geometry":{"type":"LineString","coordinates":[[139.776561,35.553068],[139.776536,35.553051],[139.77648,35.553009],[139.776442,35.552977],[139.776406,35.552936],[139.776375,35.552894],[139.776351,35.55286],[139.776325,35.552802],[139.77631,35.552751],[139.776293,35.552665]]}},{"type":"Feature","properties":{"aeroway":"taxiway","surface":"asphalt"},"geometry":{"type":"LineString","coordinates":[[139.781245,35.545424],[139.781311,35.545445],[139.781368,35.54546],[139.781428,35.545468],[139.781495,35.545474],[139.781569,35.545474],[139.781642,35.545468],[139.781704,35.545457],[139.781767,35.54544],[139.781824,35.545421],[139.781881,35.545395],[139.781928,35.545368],[139.781985,35.545328],[139.782032,35.545287],[139.782073,35.545248]]}},{"type":"Feature","properties":{"aeroway":"taxiway","surface":"asphalt"},"geometry":{"type":"LineString","coordinates":[[139.781525,35.546015],[139.78157,35.545976],[139.781619,35.54594],[139.78167,35.545909],[139.781731,35.545881],[139.781783,35.545862],[139.781853,35.545847],[139.781915,35.545837],[139.781976,35.545836],[139.782042,35.545839],[139.782114,35.54585],[139.782159,35.545861],[139.782204,35.545876]]}},{"type":"Feature","properties":{"aeroway":"taxiway","surface":"asphalt"},"geometry":{"type":"LineString","coordinates":[[139.779572,35.545182],[139.779605,35.545149],[139.779632,35.545124],[139.77966,35.545099],[139.779733,35.545062],[139.779795,35.545032],[139.77986,35.545007],[139.779928,35.544988],[139.779998,35.544976],[139.78007,35.544969],[139.780142,35.544968],[139.780214,35.544974],[139.780278,35.544984],[139.780346,35.545004],[139.780396,35.545021]]}},{"type":"Feature","properties":{"aeroway":"taxiway","surface":"asphalt"},"geometry":{"type":"LineString","coordinates":[[139.782022,35.545323],[139.782003,35.545374],[139.78199,35.545418],[139.78198,35.545459],[139.781978,35.545495],[139.781979,35.545548],[139.781984,35.545587],[139.781996,35.545628],[139.782014,35.545671],[139.782035,35.545711],[139.782064,35.545753],[139.782099,35.545792],[139.782137,35.545824],[139.782171,35.545851],[139.782204,35.545876]]}},{"type":"Feature","properties":{"aeroway":"taxiway","surface":"asphalt"},"geometry":{"type":"LineString","coordinates":[[139.780186,35.544317],[139.780158,35.544369],[139.780137,35.544424],[139.780123,35.54448],[139.780112,35.544542],[139.780113,35.544594],[139.780115,35.544644],[139.780123,35.54469],[139.780139,35.544736],[139.780162,35.544783],[139.78019,35.544835],[139.780226,35.544881],[139.780265,35.544923],[139.780308,35.544958],[139.78035,35.544988],[139.780396,35.545021]]}},{"type":"Feature","properties":{"aeroway":"taxiway","surface":"asphalt"},"geometry":{"type":"LineString","coordinates":[[139.781468,35.546096],[139.78149,35.546042],[139.781504,35.546009],[139.781518,35.545965],[139.781524,35.545921],[139.781528,35.545858],[139.781523,35.545809],[139.781512,35.545757],[139.7815,35.545716],[139.781478,35.545664],[139.781453,35.545618],[139.781423,35.545577],[139.781387,35.545536],[139.781342,35.545496],[139.781298,35.545459],[139.781245,35.545424]]}},{"type":"Feature","properties":{"aeroway":"taxiway","surface":"asphalt"},"geometry":{"type":"LineString","coordinates":[[139.783113,35.540192],[139.783049,35.540246],[139.78298,35.540295],[139.782903,35.540335],[139.78282,35.540366],[139.782732,35.540386],[139.782641,35.540396],[139.78255,35.540395],[139.78246,35.540384],[139.782382,35.540368],[139.782302,35.540344]]}},{"type":"Feature","properties":{"aeroway":"taxiway","ref":"G","surface":"asphalt"},"geometry":{"type":"LineString","coordinates":[[139.784738,35.541496],[139.785157,35.541698],[139.785268,35.54175],[139.785315,35.541772],[139.785688,35.541947],[139.786199,35.542188]]}},{"type":"Feature","properties":{"aeroway":"taxiway","surface":"asphalt"},"geometry":{"type":"LineString","coordinates":[[139.782302,35.540344],[139.782352,35.540377],[139.782394,35.54041],[139.78244,35.540452],[139.782486,35.540498],[139.78252,35.540548],[139.782549,35.540605],[139.78257,35.540661],[139.782584,35.540716],[139.782592,35.540771],[139.782596,35.540827],[139.782585,35.540907],[139.78256,35.540971]]}},{"type":"Feature","properties":{"aeroway":"taxiway","surface":"asphalt"},"geometry":{"type":"LineString","coordinates":[[139.774092,35.551902],[139.774147,35.551919],[139.774201,35.551935],[139.774256,35.551946],[139.774327,35.551954],[139.774387,35.551958],[139.774452,35.551953],[139.774522,35.551945],[139.774591,35.551928],[139.774661,35.551904],[139.774732,35.551871],[139.774799,35.551829],[139.774856,35.551787],[139.774903,35.551742],[139.774939,35.55171]]}},{"type":"Feature","properties":{"aeroway":"taxiway","surface":"asphalt"},"geometry":{"type":"LineString","coordinates":[[139.774092,35.551902],[139.774141,35.551935],[139.774189,35.551971],[139.774232,35.55201],[139.774275,35.552058],[139.77431,35.55211],[139.774341,35.552166],[139.774364,35.552226],[139.774375,35.552271],[139.774376,35.552334],[139.774374,35.552393],[139.774364,35.552452],[139.774342,35.552513],[139.774291,35.552616]]}},{"type":"Feature","properties":{"aeroway":"taxiway","surface":"asphalt"},"geometry":{"type":"LineString","coordinates":[[139.779331,35.544515],[139.779402,35.544561],[139.779452,35.544607],[139.779493,35.544645],[139.779528,35.544688],[139.779556,35.544735],[139.779581,35.54478],[139.779599,35.544831],[139.779612,35.544873],[139.77962,35.544923],[139.77962,35.544993],[139.779612,35.545071],[139.77959,35.545157]]}},{"type":"Feature","properties":{"aeroway":"taxiway","surface":"asphalt"},"geometry":{"type":"LineString","coordinates":[[139.779331,35.544515],[139.779411,35.544541],[139.779466,35.544555],[139.779522,35.544564],[139.77959,35.54457],[139.779674,35.544571],[139.779746,35.544564],[139.77982,35.544547],[139.779891,35.544527],[139.779946,35.544503],[139.780001,35.544475],[139.780052,35.544445],[139.780091,35.544419],[139.780136,35.544385]]}},{"type":"Feature","properties":{"aeroway":"taxiway","ref":"A6","surface":"asphalt"},"geometry":{"type":"LineString","coordinates":[[139.779868,35.544764],[139.780396,35.545021],[139.78059,35.54511],[139.780704,35.545165],[139.78112,35.545365],[139.781245,35.545424],[139.781771,35.545669]]}},{"type":"Feature","properties":{"aeroway":"taxiway","surface":"asphalt"},"geometry":{"type":"LineString","coordinates":[[139.777647,35.544297],[139.777696,35.544251],[139.777748,35.544207],[139.777805,35.544168],[139.777868,35.544134],[139.777934,35.544106],[139.778004,35.544085],[139.778077,35.54407],[139.778151,35.544062],[139.778226,35.54406],[139.7783,35.544065],[139.778374,35.544077],[139.77844,35.544095],[139.778501,35.544119]]}},{"type":"Feature","properties":{"aeroway":"taxiway","surface":"asphalt"},"geometry":{"type":"LineString","coordinates":[[139.778278,35.543418],[139.778256,35.543458],[139.778236,35.543505],[139.778222,35.543549],[139.778211,35.543598],[139.778206,35.543656],[139.778208,35.543704],[139.778213,35.543748],[139.778225,35.543797],[139.778244,35.543851],[139.778272,35.543903],[139.778303,35.543951],[139.778336,35.543987],[139.778373,35.544028],[139.778414,35.544061],[139.778455,35.544088],[139.778501,35.544119]]}},{"type":"Feature","properties":{"aeroway":"taxiway","ref":"L11","surface":"asphalt"},"geometry":{"type":"LineString","coordinates":[[139.772424,35.551659],[139.772477,35.551611],[139.772535,35.551566],[139.7726,35.55153],[139.772672,35.551498],[139.772746,35.551472],[139.772824,35.551458],[139.772902,35.551448],[139.772984,35.551447],[139.773061,35.551453],[139.77314,35.551468],[139.773213,35.551488],[139.773248,35.551502]]}},{"type":"Feature","properties":{"aeroway":"taxiway","ref":"L11","surface":"asphalt"},"geometry":{"type":"LineString","coordinates":[[139.773014,35.550828],[139.772983,35.55091],[139.772968,35.550962],[139.77296,35.551016],[139.772959,35.551063],[139.772961,35.551109],[139.772972,35.551163],[139.772993,35.551225],[139.773026,35.551289],[139.77306,35.55134],[139.773104,35.551392],[139.773159,35.551439],[139.77321,35.551476],[139.773248,35.551502]]}},{"type":"Feature","properties":{"aeroway":"taxiway","surface":"asphalt"},"geometry":{"type":"LineString","coordinates":[[139.773243,35.55546],[139.77328,35.555485],[139.773334,35.555525],[139.773371,35.55556],[139.77338,35.555569],[139.773422,35.555616],[139.773458,35.55567],[139.773484,35.555719],[139.773502,35.555772],[139.773514,35.555815],[139.773522,35.555859]]}},{"type":"Feature","properties":{"aeroway":"taxiway","ref":"L10","surface":"asphalt"},"geometry":{"type":"LineString","coordinates":[[139.774663,35.548505],[139.774622,35.548602],[139.774607,35.548664],[139.774602,35.54872],[139.774603,35.548783],[139.774618,35.548854],[139.774636,35.548909],[139.77467,35.548978],[139.774702,35.54903],[139.774749,35.549084],[139.77481,35.549135],[139.774871,35.549179],[139.774927,35.549205],[139.774996,35.549233],[139.77508,35.549259],[139.775182,35.549273],[139.775283,35.549278],[139.775376,35.549271],[139.775497,35.549248]]}},{"type":"Feature","properties":{"aeroway":"taxiway","surface":"asphalt"},"geometry":{"type":"LineString","coordinates":[[139.774106,35.549289],[139.774133,35.549237],[139.77415,35.549177],[139.774157,35.549116],[139.774154,35.549054],[139.774142,35.548993],[139.774119,35.548934],[139.774087,35.548878],[139.774046,35.548826],[139.773998,35.548779],[139.773966,35.548753],[139.773924,35.548725]]}},{"type":"Feature","properties":{"aeroway":"taxiway","ref":"L10","surface":"asphalt"},"geometry":{"type":"LineString","coordinates":[[139.775583,35.549212],[139.775646,35.54918],[139.775791,35.549106],[139.775987,35.549008],[139.776228,35.548876],[139.776395,35.548776],[139.7766,35.548649],[139.776848,35.548474],[139.777149,35.548239],[139.777275,35.548127],[139.777335,35.548074],[139.777494,35.547927],[139.777662,35.547754]]}},{"type":"Feature","properties":{"aeroway":"taxiway","surface":"asphalt"},"geometry":{"type":"LineString","coordinates":[[139.800352,35.542845],[139.800383,35.542769],[139.800394,35.542718],[139.800401,35.542665],[139.800395,35.542608],[139.800384,35.542553],[139.800366,35.542507],[139.800341,35.542457],[139.800309,35.542414],[139.80027,35.542368],[139.800229,35.542337],[139.800198,35.542312],[139.800155,35.542285]]}},{"type":"Feature","properties":{"aeroway":"taxiway","ref":"C2","surface":"asphalt"},"geometry":{"type":"LineString","coordinates":[[139.801149,35.541718],[139.801578,35.541922],[139.801719,35.541988],[139.802183,35.542203],[139.80223,35.542225],[139.802324,35.542271],[139.802494,35.542352],[139.802589,35.542404],[139.802662,35.542466],[139.802716,35.542527],[139.802933,35.542803]]}},{"type":"Feature","properties":{"aeroway":"taxiway","surface":"asphalt"},"geometry":{"type":"LineString","coordinates":[[139.799913,35.541659],[139.799874,35.541745],[139.799857,35.541796],[139.799851,35.541844],[139.79985,35.541898],[139.799857,35.541962],[139.799875,35.542014],[139.7999,35.542066],[139.799928,35.54211],[139.799963,35.542153],[139.800006,35.542193],[139.800045,35.542222],[139.800084,35.542248]]}},{"type":"Feature","properties":{"aeroway":"taxiway","surface":"asphalt"},"geometry":{"type":"LineString","coordinates":[[139.801676,35.543004],[139.80173,35.543023],[139.801778,35.543034],[139.801829,35.543046],[139.801898,35.543051],[139.801964,35.543052],[139.802038,35.543044],[139.802116,35.543026],[139.802178,35.543004],[139.802233,35.542975],[139.802279,35.542949],[139.802322,35.542914],[139.802359,35.542875],[139.802426,35.542798],[139.802662,35.542466]]}},{"type":"Feature","properties":{"aeroway":"taxiway","ref":"C3","surface":"asphalt"},"geometry":{"type":"LineString","coordinates":[[139.802186,35.543849],[139.802232,35.543753],[139.802256,35.543686],[139.802264,35.543625],[139.802262,35.543556],[139.802249,35.543488],[139.802226,35.543422],[139.802193,35.543358],[139.802151,35.543298],[139.802102,35.543242],[139.802044,35.543192],[139.80198,35.543147],[139.80177,35.543048],[139.801676,35.543004],[139.801657,35.542995],[139.801635,35.542984],[139.801134,35.54275],[139.80101,35.542688],[139.800601,35.542496]]}},{"type":"Feature","properties":{"aeroway":"taxiway","ref":"E2","surface":"asphalt"},"geometry":{"type":"LineString","coordinates":[[139.800444,35.540912],[139.800413,35.540976],[139.8004,35.541044],[139.800399,35.541114],[139.800411,35.541182],[139.800434,35.541249],[139.80047,35.541312],[139.800516,35.541371],[139.800572,35.541423],[139.800633,35.541466],[139.80066,35.541484],[139.800683,35.541494]]}},{"type":"Feature","properties":{"aeroway":"taxiway","surface":"asphalt"},"geometry":{"type":"LineString","coordinates":[[139.801578,35.541922],[139.801504,35.541897],[139.801427,35.541882],[139.801347,35.541877],[139.801267,35.541882],[139.80119,35.541897],[139.801116,35.541921],[139.801047,35.541955],[139.800986,35.541996],[139.800935,35.542034],[139.800896,35.542071]]}},{"type":"Feature","properties":{"aeroway":"taxiway","surface":"asphalt"},"geometry":{"type":"LineString","coordinates":[[139.800304,35.542914],[139.80034,35.542881],[139.800391,35.542838],[139.800447,35.5428],[139.800508,35.542768],[139.800583,35.542738],[139.800642,35.542719],[139.800713,35.542704],[139.800785,35.542696],[139.800858,35.542694],[139.800932,35.542698],[139.801003,35.54271],[139.801065,35.542726],[139.801134,35.54275]]}},{"type":"Feature","properties":{"aeroway":"taxiway","surface":"asphalt"},"geometry":{"type":"LineString","coordinates":[[139.798089,35.546028],[139.79815,35.545974],[139.798211,35.545927],[139.798269,35.545896],[139.798336,35.545864],[139.798406,35.54584],[139.798481,35.545823],[139.798567,35.545812],[139.798655,35.545812],[139.798731,35.545816],[139.798809,35.545831],[139.798862,35.545847],[139.798912,35.545863]]}},{"type":"Feature","properties":{"aeroway":"taxiway","ref":"T2","surface":"asphalt"},"geometry":{"type":"LineString","coordinates":[[139.761584,35.550207],[139.761654,35.550184],[139.761717,35.550168],[139.761778,35.550156],[139.761841,35.55015],[139.761908,35.550149],[139.761974,35.550152],[139.76204,35.550158],[139.762115,35.55017],[139.762183,35.550192],[139.762251,35.550226],[139.762302,35.550261],[139.762358,35.550298],[139.762416,35.550344]]}},{"type":"Feature","properties":{"aeroway":"taxiway","ref":"B2","surface":"asphalt"},"geometry":{"type":"LineString","coordinates":[[139.761773,35.549603],[139.761794,35.54962],[139.761817,35.549638],[139.761866,35.549671],[139.76192,35.5497],[139.761982,35.549724],[139.762041,35.549739],[139.762112,35.549752],[139.762186,35.549757],[139.762256,35.549754],[139.762324,35.549743],[139.762395,35.549724],[139.762452,35.549704],[139.762514,35.549675],[139.762577,35.549642]]}},{"type":"Feature","properties":{"aeroway":"taxiway","ref":"B3","surface":"asphalt"},"geometry":{"type":"LineString","coordinates":[[139.763253,35.549252],[139.763205,35.549295],[139.763167,35.549333],[139.763123,35.549387],[139.763088,35.549446],[139.763063,35.549507],[139.763047,35.54957],[139.763042,35.549635],[139.763041,35.549679],[139.763041,35.549684]]}},{"type":"Feature","properties":{"aeroway":"taxiway","ref":"B4","surface":"asphalt"},"geometry":{"type":"LineString","coordinates":[[139.764519,35.551415],[139.764511,35.551375],[139.764498,35.551303],[139.764487,35.551231],[139.764495,35.551147],[139.764505,35.551094],[139.764527,35.551043],[139.764554,35.550988],[139.764585,35.550941],[139.764622,35.550893],[139.764664,35.550853],[139.764722,35.550808],[139.764789,35.550766],[139.764858,35.550732],[139.76493,35.550708],[139.765005,35.550688],[139.765082,35.550678],[139.765156,35.550676],[139.765233,35.550678],[139.765294,35.550688],[139.765369,35.550705],[139.765432,35.550726]]}},{"type":"Feature","properties":{"aeroway":"apron"},"geometry":{"type":"Polygon","coordinates":[[[139.770886,35.550048],[139.770926,35.550077],[139.770951,35.550109],[139.770954,35.550125],[139.770952,35.55016],[139.770932,35.550183],[139.770885,35.550157],[139.770356,35.550925],[139.770488,35.550989],[139.770434,35.551063],[139.77064,35.55116],[139.770677,35.551109],[139.77073,35.551132],[139.770789,35.551147],[139.770586,35.551421],[139.770512,35.551368],[139.77046,35.551342],[139.769977,35.552018],[139.770024,35.552039],[139.769999,35.552065],[139.769955,35.552083],[139.769906,35.552087],[139.769788,35.552043],[139.766806,35.55062],[139.766519,35.550478],[139.76681,35.550097],[139.766739,35.550066],[139.76687,35.549889],[139.766782,35.549848],[139.766833,35.549778],[139.766752,35.549743],[139.766704,35.549811],[139.766633,35.549781],[139.766489,35.549988],[139.766422,35.549955],[139.766237,35.550219],[139.765883,35.550044],[139.766116,35.549715],[139.766048,35.549687],[139.766025,35.549678],[139.766068,35.549616],[139.766119,35.549544],[139.766063,35.549523],[139.766039,35.549514],[139.766051,35.549492],[139.766082,35.549435],[139.765998,35.549398],[139.766042,35.549337],[139.765858,35.549246],[139.765733,35.549184],[139.765739,35.549176],[139.765781,35.549117],[139.764331,35.548427],[139.764376,35.54836],[139.764275,35.548319],[139.764236,35.548266],[139.764264,35.54822],[139.764132,35.54816],[139.764118,35.548126],[139.76414,35.54809],[139.764059,35.548054],[139.764146,35.547916],[139.76417,35.547903],[139.764206,35.547922],[139.76424,35.547872],[139.764283,35.547889],[139.764325,35.547818],[139.764398,35.547776],[139.764453,35.547804],[139.76451,35.547711],[139.764563,35.547678],[139.764789,35.547784],[139.765052,35.5474],[139.765109,35.547404],[139.765131,35.547378],[139.765177,35.5474],[139.765207,35.547366],[139.770886,35.550048]]]}},{"type":"Feature","properties":{"aeroway":"taxiway","ref":"A7","surface":"asphalt"},"geometry":{"type":"LineString","coordinates":[[139.780539,35.545398],[139.780127,35.5456],[139.779939,35.545704],[139.779716,35.545834],[139.779549,35.545945],[139.779507,35.545973],[139.779383,35.546056],[139.779239,35.546166],[139.779066,35.546303],[139.778822,35.546503],[139.778662,35.546652],[139.77849,35.546828],[139.778278,35.547044],[139.778149,35.547186]]}},{"type":"Feature","properties":{"aeroway":"taxiway","surface":"asphalt"},"geometry":{"type":"LineString","coordinates":[[139.773339,35.558435],[139.77326,35.558406],[139.773181,35.558385],[139.77312,35.558378],[139.773057,35.558379],[139.772982,35.558383],[139.7729,35.558403],[139.77283,35.558422],[139.772756,35.558459],[139.772697,35.5585],[139.772625,35.558561]]}},{"type":"Feature","properties":{"aeroway":"taxiway","ref":"J","surface":"asphalt"},"geometry":{"type":"LineString","coordinates":[[139.782027,35.562553],[139.782092,35.562583],[139.782537,35.562793],[139.782968,35.562999],[139.783034,35.563028],[139.783788,35.563387],[139.783896,35.56344],[139.784324,35.563635],[139.784708,35.563822],[139.784736,35.563838],[139.784797,35.563867],[139.78485,35.563892],[139.785277,35.564092]]}},{"type":"Feature","properties":{"aeroway":"taxiway","ref":"C13","surface":"asphalt"},"geometry":{"type":"LineString","coordinates":[[139.787492,35.564552],[139.787428,35.564625],[139.787384,35.564662],[139.787309,35.564708],[139.787232,35.564744],[139.787147,35.564771],[139.787081,35.564785],[139.787,35.564794],[139.786914,35.564796],[139.786835,35.56479],[139.786759,35.564778],[139.786681,35.564755],[139.786585,35.564714]]}},{"type":"Feature","properties":{"aeroway":"taxiway","surface":"asphalt"},"geometry":{"type":"LineString","coordinates":[[139.777408,35.560363],[139.777453,35.56039],[139.777491,35.560418],[139.777532,35.560452],[139.777569,35.560491],[139.7776,35.560533],[139.777625,35.560575],[139.777646,35.56063],[139.777659,35.560676],[139.777665,35.560716],[139.777663,35.560771],[139.777659,35.560818],[139.777648,35.560861],[139.777627,35.560908],[139.777593,35.560967]]}},{"type":"Feature","properties":{"aeroway":"taxiway","surface":"asphalt"},"geometry":{"type":"LineString","coordinates":[[139.778324,35.560794],[139.778258,35.560772],[139.778201,35.560758],[139.778152,35.56075],[139.778092,35.560745],[139.778028,35.560747],[139.777968,35.560754],[139.77791,35.560767],[139.777846,35.560786],[139.777784,35.560813],[139.777724,35.560847],[139.777675,35.560882],[139.777636,35.560918],[139.777593,35.560967]]}},{"type":"Feature","properties":{"aeroway":"taxiway","ref":"J2","surface":"asphalt"},"geometry":{"type":"LineString","coordinates":[[139.777593,35.560967],[139.777321,35.561358],[139.777007,35.561802],[139.776565,35.562434],[139.776377,35.562687],[139.776193,35.562948],[139.776146,35.563005],[139.776099,35.563046],[139.776045,35.56309]]}},{"type":"Feature","properties":{"aeroway":"taxiway","surface":"asphalt"},"geometry":{"type":"LineString","coordinates":[[139.776779,35.561106],[139.776843,35.561149],[139.776895,35.561191],[139.776941,35.561237],[139.776981,35.561287],[139.777014,35.56134],[139.77704,35.561396],[139.777059,35.561454],[139.77707,35.561512],[139.777073,35.561572],[139.777069,35.561631],[139.777057,35.56169],[139.777037,35.561748],[139.777007,35.561802]]}},{"type":"Feature","properties":{"aeroway":"taxiway","surface":"asphalt"},"geometry":{"type":"LineString","coordinates":[[139.776565,35.562434],[139.776511,35.562485],[139.77645,35.562531],[139.776383,35.56257],[139.77631,35.562602],[139.776233,35.562627],[139.776153,35.562644],[139.77607,35.562653],[139.775987,35.562653],[139.775905,35.562645],[139.775825,35.562629],[139.775747,35.562605],[139.775674,35.562573],[139.775606,35.562534],[139.775545,35.562489],[139.775492,35.562441]]}},{"type":"Feature","properties":{"aeroway":"taxiway","surface":"asphalt"},"geometry":{"type":"LineString","coordinates":[[139.777839,35.56161],[139.777759,35.561588],[139.777683,35.561576],[139.777613,35.561566],[139.777544,35.561564],[139.777479,35.561567],[139.777414,35.561574],[139.777352,35.561589],[139.777285,35.561611],[139.777221,35.561638],[139.777161,35.561671],[139.777106,35.561708],[139.777055,35.56175],[139.777007,35.561802]]}},{"type":"Feature","properties":{"aeroway":"taxiway","surface":"asphalt"},"geometry":{"type":"LineString","coordinates":[[139.776592,35.563415],[139.776522,35.563374],[139.776458,35.563322],[139.776413,35.563278],[139.776363,35.563215],[139.776337,35.563167],[139.776314,35.563108],[139.776298,35.563048],[139.776291,35.562986],[139.776292,35.562924],[139.776301,35.562862],[139.776318,35.562802],[139.776344,35.562743],[139.776377,35.562687]]}},{"type":"Feature","properties":{"aeroway":"apron"},"geometry":{"type":"Polygon","coordinates":[[[139.754847,35.558374],[139.754902,35.558346],[139.755371,35.557795],[139.755431,35.557826],[139.755521,35.557725],[139.755775,35.557867],[139.755819,35.557815],[139.756108,35.557977],[139.756144,35.557978],[139.756166,35.557991],[139.756129,35.558033],[139.756397,35.558184],[139.756411,35.558168],[139.756437,35.558182],[139.756404,35.558221],[139.756693,35.558385],[139.758226,35.55657],[139.758564,35.556164],[139.758229,35.55598],[139.756386,35.553876],[139.756358,35.553711],[139.756125,35.553427],[139.75612,35.553315],[139.756054,35.553204],[139.7559,35.553152],[139.755715,35.553189],[139.755591,35.553106],[139.755063,35.55249],[139.755005,35.552363],[139.754637,35.551225],[139.754589,35.551038],[139.754599,35.550895],[139.7547,35.550819],[139.755498,35.550344],[139.75557,35.55025],[139.755699,35.550382],[139.755639,35.550422],[139.756149,35.551026],[139.756081,35.551069],[139.756136,35.551131],[139.756074,35.551169],[139.75612,35.551224],[139.75606,35.551263],[139.756454,35.551724],[139.756444,35.55173],[139.756312,35.551812],[139.75614,35.551918],[139.757279,35.553248],[139.757072,35.553376],[139.759015,35.55566],[139.759043,35.555706],[139.759043,35.555748],[139.75903,35.555792],[139.759012,35.555822],[139.758682,35.556229],[139.757127,35.558063],[139.757991,35.558556],[139.757288,35.559363],[139.757579,35.559539],[139.756509,35.560808],[139.75621,35.561372],[139.755903,35.561735],[139.755509,35.561497],[139.755239,35.56064],[139.755464,35.560611],[139.755457,35.56056],[139.755384,35.560207],[139.755379,35.560183],[139.755272,35.560198],[139.755248,35.56012],[139.755341,35.560015],[139.755285,35.559742],[139.755286,35.55973],[139.755229,35.559462],[139.755217,35.559463],[139.7552,35.559383],[139.755193,35.55935],[139.755207,35.559348],[139.755149,35.559076],[139.755064,35.559088],[139.755051,35.559024],[139.755049,35.558995],[139.755432,35.559032],[139.755554,35.559012],[139.755449,35.558724],[139.754856,35.558401],[139.754847,35.558374]]]}},{"type":"Feature","properties":{"aeroway":"taxiway","surface":"asphalt"},"geometry":{"type":"LineString","coordinates":[[139.797372,35.547036],[139.797345,35.547085],[139.797325,35.547137],[139.797306,35.547195],[139.797296,35.54726],[139.797294,35.547313],[139.797299,35.547369],[139.797313,35.547426],[139.797329,35.547474],[139.797366,35.547545]]}},{"type":"Feature","properties":{"aeroway":"taxiway","surface":"asphalt"},"geometry":{"type":"LineString","coordinates":[[139.795636,35.546663],[139.795702,35.546688],[139.795773,35.546707],[139.795847,35.546718],[139.795922,35.546723],[139.796006,35.546723],[139.796077,35.546714],[139.796152,35.546698],[139.796228,35.546675],[139.796299,35.546643],[139.796365,35.546603],[139.796412,35.546567],[139.796445,35.546537],[139.796477,35.546504]]}},{"type":"Feature","properties":{"aeroway":"taxiway","surface":"asphalt"},"geometry":{"type":"LineString","coordinates":[[139.796436,35.546569],[139.79641,35.546626],[139.796393,35.546685],[139.796386,35.546745],[139.796389,35.546806],[139.796399,35.546862],[139.796415,35.546919],[139.796445,35.546973],[139.796482,35.547021],[139.796531,35.54707],[139.79657,35.547099],[139.79661,35.547131]]}},{"type":"Feature","properties":{"aeroway":"taxiway","surface":"asphalt"},"geometry":{"type":"LineString","coordinates":[[139.795759,35.546725],[139.795815,35.546764],[139.795866,35.546806],[139.795909,35.546854],[139.795943,35.546907],[139.795969,35.546963],[139.795984,35.547021],[139.79599,35.54708],[139.795986,35.54714],[139.795971,35.547202],[139.795952,35.547248],[139.795937,35.547284]]}},{"type":"Feature","properties":{"aeroway":"taxiway","surface":"asphalt"},"geometry":{"type":"LineString","coordinates":[[139.79661,35.547131],[139.796559,35.547115],[139.796509,35.547105],[139.796448,35.547096],[139.79637,35.547094],[139.796295,35.547096],[139.796226,35.54711],[139.796147,35.547134],[139.796075,35.547171],[139.796014,35.547214],[139.795965,35.547253],[139.795937,35.547284]]}},{"type":"Feature","properties":{"aeroway":"taxiway","surface":"asphalt"},"geometry":{"type":"LineString","coordinates":[[139.79537,35.548073],[139.795414,35.548025],[139.795455,35.547991],[139.795512,35.547953],[139.795578,35.547921],[139.795655,35.547893],[139.795729,35.547877],[139.795809,35.54787],[139.795895,35.547873],[139.795972,35.547882],[139.796034,35.547899],[139.796072,35.547913]]}},{"type":"Feature","properties":{"aeroway":"terminal","name":"東京国際空港新貴賓室"},"geometry":{"type":"Polygon","coordinates":[[[139.781706,35.560915],[139.7813,35.561488],[139.781202,35.561442],[139.781181,35.561473],[139.780992,35.561384],[139.781016,35.56135],[139.780955,35.561321],[139.781359,35.560752],[139.781706,35.560915]]]}},{"type":"Feature","properties":{"aeroway":"taxiway","surface":"asphalt"},"geometry":{"type":"LineString","coordinates":[[139.786829,35.556737],[139.786867,35.5567],[139.786897,35.556672],[139.786939,35.556642],[139.786985,35.556614],[139.787031,35.556586],[139.787084,35.556562],[139.787139,35.556543],[139.787202,35.55653],[139.787266,35.55652],[139.787337,35.556512],[139.787406,35.556509],[139.787468,35.556512],[139.787535,35.55652],[139.787609,35.556536]]}},{"type":"Feature","properties":{"aeroway":"taxiway","surface":"asphalt"},"geometry":{"type":"LineString","coordinates":[[139.797151,35.541416],[139.797223,35.541353],[139.797284,35.541312],[139.797362,35.541267],[139.797445,35.541232],[139.797517,35.541212],[139.797598,35.541203],[139.797702,35.541199],[139.797796,35.541203],[139.797887,35.541223],[139.797955,35.541233],[139.797969,35.541243]]}},{"type":"Feature","properties":{"aeroway":"taxiway","surface":"asphalt"},"geometry":{"type":"LineString","coordinates":[[139.797748,35.540578],[139.797725,35.54064],[139.797706,35.540708],[139.797693,35.540767],[139.797688,35.540846],[139.797697,35.540902],[139.797716,35.54097],[139.797739,35.541026],[139.797771,35.541074],[139.797817,35.541126],[139.797868,35.541172],[139.797919,35.541209],[139.797955,35.541233],[139.797969,35.541243]]}},{"type":"Feature","properties":{"aeroway":"taxiway","surface":"asphalt"},"geometry":{"type":"LineString","coordinates":[[139.788604,35.557604],[139.788631,35.557549],[139.788652,35.557503],[139.788666,35.55746],[139.788676,35.557406],[139.788678,35.557352],[139.788676,35.557293],[139.788662,35.557233],[139.788646,35.557176],[139.788614,35.55712],[139.788576,35.557059],[139.788524,35.557003],[139.788476,35.55696],[139.788429,35.556927],[139.788404,35.556909]]}},{"type":"Feature","properties":{"aeroway":"taxiway","surface":"asphalt"},"geometry":{"type":"LineString","coordinates":[[139.788404,35.556909],[139.788434,35.556919],[139.788487,35.556935],[139.788556,35.556949],[139.788627,35.556955],[139.788693,35.556957],[139.78878,35.556954],[139.788859,35.556943],[139.788926,35.556925],[139.788986,35.556902],[139.78904,35.556872],[139.789089,35.556844],[139.78914,35.556808],[139.789186,35.556769],[139.789229,35.556723]]}},{"type":"Feature","properties":{"aeroway":"taxiway","surface":"asphalt"},"geometry":{"type":"LineString","coordinates":[[139.785192,35.560084],[139.785154,35.560048],[139.785096,35.560005],[139.785033,35.559956],[139.784997,35.559907],[139.784955,35.559851],[139.784924,35.559792],[139.784907,35.55973],[139.784892,35.559664],[139.784892,35.559599],[139.784899,35.559545],[139.784918,35.559475],[139.784943,35.55941]]}},{"type":"Feature","properties":{"aeroway":"taxiway","surface":"asphalt"},"geometry":{"type":"LineString","coordinates":[[139.785915,35.560428],[139.785951,35.560439],[139.785997,35.560453],[139.78606,35.560465],[139.786134,35.560472],[139.786213,35.560472],[139.786294,35.560465],[139.786362,35.560454],[139.786436,35.560434],[139.786512,35.560401],[139.786589,35.560358],[139.786638,35.560322],[139.786723,35.560255]]}},{"type":"Feature","properties":{"aeroway":"taxiway","surface":"asphalt"},"geometry":{"type":"LineString","coordinates":[[139.785915,35.560428],[139.785951,35.560439],[139.785985,35.560477],[139.786028,35.560514],[139.786063,35.56055],[139.786092,35.560588],[139.786126,35.56064],[139.786149,35.560688],[139.786171,35.560745],[139.78618,35.560794],[139.786186,35.560847],[139.786185,35.560903],[139.786175,35.560965],[139.786163,35.561012],[139.786142,35.561072]]}},{"type":"Feature","properties":{"aeroway":"taxiway","surface":"asphalt"},"geometry":{"type":"LineString","coordinates":[[139.78436,35.560226],[139.784431,35.56017],[139.784479,35.560138],[139.784527,35.56011],[139.78459,35.560084],[139.784658,35.56006],[139.784731,35.56004],[139.784801,35.560029],[139.784871,35.560024],[139.784946,35.560027],[139.785005,35.560033],[139.785072,35.560047],[139.78513,35.560062],[139.785192,35.560084]]}},{"type":"Feature","properties":{"aeroway":"taxiway","surface":"asphalt"},"geometry":{"type":"LineString","coordinates":[[139.791539,35.552536],[139.791606,35.55259],[139.791639,35.55262],[139.791685,35.552675],[139.791724,35.552725],[139.791754,35.552779],[139.791772,35.552832],[139.791788,35.552895],[139.791793,35.552953],[139.791793,35.553011],[139.791782,35.55307],[139.791762,35.553128],[139.791739,35.553186]]}},{"type":"Feature","properties":{"aeroway":"taxiway","surface":"asphalt"},"geometry":{"type":"LineString","coordinates":[[139.791539,35.552536],[139.791616,35.552553],[139.791689,35.552567],[139.791764,35.552574],[139.791839,35.552576],[139.791925,35.552565],[139.792014,35.552545],[139.792095,35.552517],[139.792173,35.552482],[139.792249,35.552432],[139.792321,35.552365]]}},{"type":"Feature","properties":{"aeroway":"taxiway","surface":"asphalt"},"geometry":{"type":"LineString","coordinates":[[139.790652,35.551576],[139.790626,35.551644],[139.790608,35.551714],[139.790606,35.551786],[139.790612,35.551852],[139.790629,35.551917],[139.790656,35.551977],[139.790693,35.552036],[139.790733,35.55209],[139.790779,35.552141],[139.790832,35.552187],[139.790892,35.552227]]}},{"type":"Feature","properties":{"aeroway":"taxiway","ref":"E9","surface":"asphalt"},"geometry":{"type":"LineString","coordinates":[[139.791663,35.555087],[139.791231,35.554888],[139.791168,35.554856],[139.791151,35.554848],[139.790709,35.554638],[139.790212,35.554397],[139.790201,35.554394],[139.789934,35.554271],[139.789804,35.554212],[139.789534,35.554081]]}},{"type":"Feature","properties":{"aeroway":"taxiway","surface":"asphalt"},"geometry":{"type":"LineString","coordinates":[[139.765967,35.557608],[139.766055,35.557656],[139.766141,35.557688],[139.76623,35.557708],[139.766316,35.557719],[139.766403,35.557719],[139.766496,35.557711],[139.766577,35.557694],[139.76667,35.557662],[139.766761,35.557619]]}},{"type":"Feature","properties":{"aeroway":"taxiway","surface":"asphalt"},"geometry":{"type":"LineString","coordinates":[[139.765726,35.557427],[139.765793,35.557488],[139.765848,35.557557],[139.76589,35.557632],[139.765917,35.557711],[139.765929,35.557792],[139.765926,35.557875],[139.765908,35.557955],[139.765875,35.558033],[139.765828,35.558106],[139.765768,35.558172],[139.765696,35.55823]]}},{"type":"Feature","properties":{"aeroway":"taxiway","surface":"asphalt"},"geometry":{"type":"LineString","coordinates":[[139.766603,35.558213],[139.766572,35.558158],[139.766548,35.558101],[139.766535,35.558041],[139.766531,35.557981],[139.766537,35.557921],[139.766552,35.557862],[139.766577,35.557805],[139.766611,35.557752],[139.766654,35.557702],[139.766704,35.557658],[139.766761,35.557619]]}},{"type":"Feature","properties":{"aeroway":"taxiway","surface":"asphalt"},"geometry":{"type":"LineString","coordinates":[[139.765839,35.558148],[139.765921,35.558118],[139.766008,35.558097],[139.766097,35.558086],[139.766187,35.558084],[139.766276,35.558093],[139.766363,35.558112],[139.766446,35.55814],[139.766524,35.558177],[139.766595,35.558223],[139.766657,35.558276]]}},{"type":"Feature","properties":{"aeroway":"taxiway","surface":"asphalt"},"geometry":{"type":"LineString","coordinates":[[139.77683,35.545454],[139.776863,35.545373],[139.776871,35.545312],[139.776873,35.545251],[139.776867,35.545196],[139.776856,35.54515],[139.776832,35.545094],[139.776797,35.545033],[139.776757,35.544987],[139.77671,35.544946],[139.776663,35.544912],[139.776626,35.544888]]}},{"type":"Feature","properties":{"aeroway":"taxiway","surface":"asphalt"},"geometry":{"type":"LineString","coordinates":[[139.777324,35.54476],[139.777282,35.544797],[139.777234,35.544834],[139.77717,35.544871],[139.777112,35.544896],[139.777057,35.544914],[139.777007,35.544927],[139.776943,35.544936],[139.776891,35.544939],[139.776822,35.544936],[139.776746,35.544927],[139.776668,35.544904],[139.776626,35.544888]]}},{"type":"Feature","properties":{"aeroway":"taxiway","surface":"asphalt"},"geometry":{"type":"LineString","coordinates":[[139.773835,35.543568],[139.773728,35.54354],[139.773656,35.543529],[139.773579,35.543525],[139.773511,35.543529],[139.773432,35.543538],[139.773362,35.543551],[139.773284,35.543579],[139.773205,35.543613],[139.773134,35.543659],[139.77305,35.543722]]}},{"type":"Feature","properties":{"aeroway":"taxiway","ref":"T","surface":"asphalt"},"geometry":{"type":"LineString","coordinates":[[139.763192,35.555492],[139.763279,35.555564],[139.763403,35.555658],[139.763915,35.556047],[139.764094,35.556182],[139.764289,35.556328],[139.765726,35.557427],[139.765967,35.557608],[139.76631,35.557871]]}},{"type":"Feature","properties":{"aeroway":"apron"},"geometry":{"type":"Polygon","coordinates":[[[139.758905,35.551338],[139.757442,35.55218],[139.762037,35.557517],[139.763478,35.5567],[139.758905,35.551338]]]}},{"type":"Feature","properties":{"aeroway":"taxiway","ref":"T2","surface":"asphalt"},"geometry":{"type":"LineString","coordinates":[[139.76009,35.551063],[139.76003,35.551116],[139.759992,35.551152],[139.759961,35.551195],[139.759929,35.551249],[139.759902,35.551304],[139.759888,35.551363],[139.759878,35.551423],[139.759879,35.551506],[139.759891,35.551577],[139.759912,35.551629],[139.759918,35.551646],[139.759951,35.551718]]}},{"type":"Feature","properties":{"aeroway":"taxiway","surface":"asphalt"},"geometry":{"type":"LineString","coordinates":[[139.770655,35.553198],[139.770725,35.553249],[139.770777,35.553299],[139.770822,35.553354],[139.770859,35.553413],[139.770887,35.553475],[139.770906,35.553539],[139.770915,35.553605],[139.770915,35.553671],[139.770906,35.553737],[139.770887,35.553801],[139.770859,35.553863]]}},{"type":"Feature","properties":{"aeroway":"taxiway","ref":"L12","surface":"asphalt"},"geometry":{"type":"LineString","coordinates":[[139.775474,35.550958],[139.775255,35.551207],[139.775078,35.551414],[139.774955,35.551543],[139.774804,35.551688],[139.774601,35.551877],[139.774522,35.551945],[139.774397,35.552042],[139.77431,35.55211],[139.774115,35.552256],[139.773936,35.552383],[139.773772,35.55249],[139.773548,35.552612],[139.773258,35.552766],[139.772985,35.552901],[139.772932,35.552927]]}},{"type":"Feature","properties":{"aeroway":"taxiway","surface":"asphalt"},"geometry":{"type":"LineString","coordinates":[[139.77062,35.553181],[139.770545,35.553164],[139.770483,35.553154],[139.770414,35.553149],[139.770391,35.55315],[139.770339,35.553153],[139.770252,35.553167],[139.770187,35.553188],[139.77013,35.553212],[139.770059,35.55325],[139.77001,35.55329],[139.76996,35.55333]]}},{"type":"Feature","properties":{"aeroway":"taxiway","surface":"asphalt"},"geometry":{"type":"LineString","coordinates":[[139.770508,35.552561],[139.770443,35.552622],[139.770393,35.552661],[139.770332,35.5527],[139.770266,35.552731],[139.770193,35.552756],[139.770108,35.552776],[139.770035,35.552786],[139.769965,35.552788],[139.769897,35.552786],[139.769823,35.552776],[139.76974,35.552757],[139.769672,35.552734]]}},{"type":"Feature","properties":{"aeroway":"taxiway","surface":"asphalt"},"geometry":{"type":"LineString","coordinates":[[139.769907,35.553398],[139.769937,35.553332],[139.769956,35.553277],[139.769961,35.553226],[139.769963,35.553166],[139.769959,35.553114],[139.769948,35.553057],[139.769927,35.553002],[139.769896,35.552944],[139.769861,35.552893],[139.769818,35.552844],[139.769769,35.552803],[139.76972,35.552765],[139.769672,35.552734]]}},{"type":"Feature","properties":{"aeroway":"taxiway","ref":"T3","surface":"asphalt"},"geometry":{"type":"LineString","coordinates":[[139.76085,35.550623],[139.760964,35.550586],[139.761053,35.55057],[139.761135,35.550562],[139.76122,35.550562],[139.761306,35.55057],[139.761373,35.550585],[139.761426,35.550599]]}},{"type":"Feature","properties":{"aeroway":"taxiway","surface":"asphalt"},"geometry":{"type":"LineString","coordinates":[[139.770655,35.553198],[139.770723,35.553216],[139.770789,35.553228],[139.77085,35.553236],[139.77091,35.553238],[139.771008,35.553233],[139.771089,35.553221],[139.771163,35.553202],[139.77122,35.553178],[139.771283,35.553149],[139.771342,35.553113],[139.771392,35.553078],[139.77147,35.553]]}},{"type":"Feature","properties":{"aeroway":"taxiway","ref":"M","surface":"asphalt"},"geometry":{"type":"LineString","coordinates":[[139.765432,35.550726],[139.765515,35.550763],[139.765961,35.550973],[139.766239,35.551111],[139.766903,35.551417],[139.769672,35.552734],[139.770208,35.552985],[139.77062,35.553181],[139.770655,35.553198],[139.771161,35.553439]]}},{"type":"Feature","properties":{"aeroway":"taxiway","ref":"L14","surface":"asphalt"},"geometry":{"type":"LineString","coordinates":[[139.770496,35.555052],[139.770564,35.555113],[139.770643,35.555165],[139.770731,35.555207],[139.770826,35.555237],[139.770925,35.555254],[139.771027,35.555259],[139.771128,35.55525],[139.771226,35.555229],[139.771325,35.555192]]}},{"type":"Feature","properties":{"aeroway":"taxiway","surface":"asphalt"},"geometry":{"type":"LineString","coordinates":[[139.771039,35.555687],[139.771115,35.555758],[139.771203,35.555816],[139.771301,35.55586],[139.771407,35.555891],[139.771518,35.555906],[139.77163,35.555906],[139.771741,35.55589],[139.771847,35.55586],[139.771936,35.555823],[139.772012,35.555784],[139.772048,35.555757],[139.772096,35.555699],[139.772198,35.555575]]}},{"type":"Feature","properties":{"aeroway":"taxiway","ref":"B5","surface":"asphalt"},"geometry":{"type":"LineString","coordinates":[[139.766366,35.552966],[139.76646,35.552911],[139.766537,35.552871],[139.76662,35.552839],[139.766708,35.552817],[139.766799,35.552805],[139.76689,35.552803],[139.766982,35.552811],[139.767071,35.552829],[139.767156,35.552857],[139.767236,35.552894],[139.767308,35.55294],[139.76737,35.552991],[139.767419,35.553034]]}},{"type":"Feature","properties":{"aeroway":"taxiway","ref":"P","surface":"asphalt"},"geometry":{"type":"LineString","coordinates":[[139.770508,35.552561],[139.770452,35.552641],[139.770208,35.552985],[139.76996,35.55333],[139.769907,35.553398],[139.769408,35.554102],[139.769118,35.554512],[139.769092,35.55456]]}},{"type":"Feature","properties":{"aeroway":"taxiway","surface":"asphalt"},"geometry":{"type":"LineString","coordinates":[[139.769408,35.554102],[139.769353,35.554155],[139.769296,35.554203],[139.76923,35.554242],[139.769164,35.554271],[139.769092,35.554295],[139.769017,35.554313],[139.768953,35.554323],[139.768884,35.554327],[139.768807,35.554325],[139.76872,35.554313],[139.768649,35.554295],[139.768574,35.55427],[139.768494,35.554233],[139.768428,35.554189],[139.768395,35.554162],[139.76835,35.554119]]}},{"type":"Feature","properties":{"aeroway":"taxiway","ref":"P7","surface":"asphalt"},"geometry":{"type":"LineString","coordinates":[[139.77093,35.551966],[139.770963,35.551888],[139.770978,35.55184],[139.770987,35.551788],[139.770988,35.551722],[139.770983,35.55167],[139.770973,35.551618],[139.770952,35.551563],[139.770928,35.551507],[139.770883,35.551448],[139.770834,35.551395],[139.770783,35.551349],[139.770746,35.55132],[139.770711,35.551296]]}},{"type":"Feature","properties":{"aeroway":"taxiway","ref":"L14","surface":"asphalt"},"geometry":{"type":"LineString","coordinates":[[139.770822,35.555429],[139.770753,35.555366],[139.770675,35.555311],[139.770588,35.555266],[139.770493,35.555233],[139.770392,35.555212],[139.770289,35.555205],[139.770186,35.555211],[139.770086,35.55523],[139.76999,35.555261],[139.769901,35.555305],[139.769822,35.555359],[139.769784,35.555393],[139.769755,35.555423]]}},{"type":"Feature","properties":{"aeroway":"taxiway","surface":"asphalt"},"geometry":{"type":"LineString","coordinates":[[139.769092,35.55456],[139.769068,35.554615],[139.769053,35.554667],[139.769046,35.554725],[139.769044,35.554786],[139.769048,35.554837],[139.769058,35.554883],[139.769079,35.554944],[139.769107,35.554994],[139.769143,35.555051]]}},{"type":"Feature","properties":{"aeroway":"taxiway","surface":"asphalt"},"geometry":{"type":"LineString","coordinates":[[139.765732,35.553332],[139.765678,35.553373],[139.76563,35.553418],[139.765571,35.553482],[139.765534,35.553543],[139.765514,35.553589],[139.765496,35.553645],[139.765485,35.553703],[139.765481,35.553769],[139.765489,35.553836],[139.765509,35.553913],[139.765525,35.553946],[139.765559,35.554004],[139.765568,35.55402]]}},{"type":"Feature","properties":{"aeroway":"taxiway","ref":"L12","surface":"asphalt"},"geometry":{"type":"LineString","coordinates":[[139.771244,35.553474],[139.771301,35.553492],[139.771357,35.553506],[139.771423,35.553514],[139.771485,35.553518],[139.771546,35.553517],[139.771609,35.553512],[139.771667,35.553503],[139.771787,35.553468]]}},{"type":"Feature","properties":{"aeroway":"taxiway","ref":"L12","surface":"asphalt"},"geometry":{"type":"LineString","coordinates":[[139.772932,35.552927],[139.772869,35.552954],[139.771787,35.553468],[139.771117,35.553782],[139.770952,35.553863],[139.770876,35.553902],[139.770813,35.553951],[139.770747,35.554011]]}},{"type":"Feature","properties":{"aeroway":"taxiway","ref":"T4","surface":"asphalt"},"geometry":{"type":"LineString","coordinates":[[139.7605,35.552357],[139.760472,35.552303],[139.76044,35.552236],[139.760424,35.55217],[139.760419,35.552124],[139.760416,35.552061],[139.760432,35.551976],[139.760455,35.551908],[139.760492,35.551838],[139.76054,35.551774],[139.760598,35.551716],[139.760656,35.551672]]}},{"type":"Feature","properties":{"aeroway":"taxiway","surface":"asphalt"},"geometry":{"type":"LineString","coordinates":[[139.771445,35.556637],[139.771474,35.556563],[139.771494,35.556477],[139.771502,35.556423],[139.771503,35.556365],[139.771494,35.556316],[139.771481,35.55626],[139.771455,35.556198],[139.771413,35.556128],[139.771371,35.556068]]}},{"type":"Feature","properties":{"aeroway":"taxiway","surface":"asphalt"},"geometry":{"type":"LineString","coordinates":[[139.770452,35.552641],[139.770424,35.552714],[139.770414,35.552765],[139.770409,35.552818],[139.770413,35.552882],[139.770425,35.552931],[139.770446,35.552991],[139.77049,35.553055],[139.770529,35.553103],[139.770569,35.55314],[139.77062,35.553181]]}},{"type":"Feature","properties":{"aeroway":"taxiway","ref":"L12","surface":"asphalt"},"geometry":{"type":"LineString","coordinates":[[139.771969,35.55236],[139.771963,35.552432],[139.771966,35.5525],[139.771976,35.552566],[139.771998,35.552633],[139.772029,35.552694],[139.772066,35.552747],[139.772121,35.552807],[139.772181,35.552856],[139.772248,35.552899],[139.772316,35.552934],[139.772396,35.552962],[139.772471,35.552981],[139.772551,35.552992],[139.772633,35.552995],[139.772734,35.552989],[139.772869,35.552954]]}},{"type":"Feature","properties":{"aeroway":"taxiway","surface":"asphalt"},"geometry":{"type":"LineString","coordinates":[[139.765732,35.553332],[139.765628,35.553371],[139.765552,35.553392],[139.765478,35.553404],[139.765418,35.553409],[139.765346,35.553408],[139.765256,35.553401],[139.765196,35.553388],[139.765147,35.553371],[139.765087,35.55335],[139.765042,35.553329],[139.764993,35.553303],[139.764949,35.553274],[139.764888,35.553223]]}},{"type":"Feature","properties":{"aeroway":"taxiway","ref":"P7","surface":"asphalt"},"geometry":{"type":"LineString","coordinates":[[139.770711,35.551296],[139.770754,35.551308],[139.770805,35.551322],[139.770856,35.551333],[139.770916,35.55134],[139.770983,35.551344],[139.771048,35.551343],[139.771126,35.551333],[139.771202,35.551314],[139.771272,35.551292],[139.771341,35.55126],[139.7714,35.551227],[139.771445,35.551193],[139.771528,35.55112]]}},{"type":"Feature","properties":{"aeroway":"taxiway","ref":"B5","surface":"asphalt"},"geometry":{"type":"LineString","coordinates":[[139.766366,35.552966],[139.766298,35.553006],[139.766141,35.553096],[139.766046,35.553152],[139.765918,35.553228],[139.765732,35.553332],[139.765276,35.553594],[139.765229,35.553621]]}},{"type":"Feature","properties":{"aeroway":"taxiway","surface":"asphalt"},"geometry":{"type":"LineString","coordinates":[[139.770135,35.554889],[139.770063,35.554962],[139.769994,35.555015],[139.769911,35.555063],[139.769836,35.555096],[139.769743,35.555123],[139.769652,35.555137],[139.769564,35.555142],[139.76947,35.555138],[139.769391,35.555123],[139.769316,35.555101],[139.769237,35.555068],[139.76917,35.555032],[139.769107,35.554994],[139.769055,35.554948]]}},{"type":"Feature","properties":{"aeroway":"taxiway","surface":"asphalt"},"geometry":{"type":"LineString","coordinates":[[139.802846,35.539328],[139.802902,35.539277],[139.80295,35.539239],[139.803033,35.539188],[139.803111,35.539154],[139.803172,35.539135],[139.803244,35.539117],[139.803346,35.539107],[139.803438,35.539108],[139.803522,35.539119],[139.803592,35.539134],[139.803687,35.539163]]}},{"type":"Feature","properties":{"aeroway":"runway","ref":"16L/34R","name":"東京国際空港C滑走路","surface":"asphalt"},"geometry":{"type":"LineString","coordinates":[[139.788676,35.562894],[139.789575,35.561622],[139.790539,35.560267],[139.791081,35.559506],[139.792835,35.557024],[139.793612,35.555925],[139.794165,35.555161],[139.795795,35.55286],[139.796771,35.551481],[139.798681,35.548785],[139.799975,35.546962],[139.800077,35.546817],[139.800539,35.546167],[139.8014,35.544954],[139.802186,35.543849],[139.802933,35.542803],[139.803143,35.542511]]}},{"type":"Feature","properties":{"aeroway":"taxiway","ref":"B2","surface":"asphalt"},"geometry":{"type":"LineString","coordinates":[[139.764217,35.549308],[139.764152,35.549256],[139.764088,35.549213],[139.764014,35.549174],[139.763928,35.549146],[139.763845,35.549124],[139.763768,35.549118],[139.76369,35.549115],[139.763609,35.549118],[139.763538,35.549131],[139.763465,35.549147],[139.763377,35.549181]]}},{"type":"Feature","properties":{"aeroway":"taxiway","ref":"B2","surface":"asphalt"},"geometry":{"type":"LineString","coordinates":[[139.76357,35.548555],[139.763602,35.548615],[139.763622,35.548657],[139.763637,35.548706],[139.763646,35.548749],[139.763643,35.548822],[139.763639,35.548868],[139.763619,35.548924],[139.763596,35.548973],[139.76357,35.549023],[139.763532,35.549066],[139.763456,35.549135]]}},{"type":"Feature","properties":{"aeroway":"taxiway","ref":"U2","surface":"asphalt"},"geometry":{"type":"LineString","coordinates":[[139.764386,35.548597],[139.764431,35.548576],[139.764478,35.548553],[139.764536,35.548539],[139.76461,35.548523],[139.764678,35.548516],[139.764739,35.548515],[139.764811,35.548522],[139.764881,35.548535],[139.764949,35.548554]]}},{"type":"Feature","properties":{"aeroway":"taxiway","surface":"asphalt"},"geometry":{"type":"LineString","coordinates":[[139.798704,35.545178],[139.798671,35.54524],[139.798651,35.545286],[139.798634,35.545335],[139.798631,35.54539],[139.798628,35.545454],[139.798639,35.545521],[139.79866,35.545584],[139.798687,35.545642],[139.798722,35.545696],[139.798758,35.54574],[139.798804,35.545783],[139.79885,35.545822],[139.798912,35.545863]]}},{"type":"Feature","properties":{"aeroway":"taxiway","surface":"asphalt"},"geometry":{"type":"LineString","coordinates":[[139.79043,35.55503],[139.79045,35.554971],[139.790465,35.554905],[139.790471,35.554842],[139.790466,35.554778],[139.790452,35.554718],[139.790433,35.554657],[139.790404,35.554603],[139.790368,35.554547],[139.790325,35.554494],[139.790279,35.554451],[139.790212,35.554397],[139.790201,35.554394]]}},{"type":"Feature","properties":{"aeroway":"taxiway","surface":"asphalt"},"geometry":{"type":"LineString","coordinates":[[139.790996,35.554229],[139.790944,35.554273],[139.79089,35.554318],[139.790838,35.554346],[139.790783,35.554374],[139.790717,35.5544],[139.790644,35.554421],[139.790574,35.554433],[139.790507,35.554438],[139.790428,35.554439],[139.790356,35.554432],[139.790276,35.554414],[139.790212,35.554397],[139.790201,35.554394]]}},{"type":"Feature","properties":{"aeroway":"taxiway","surface":"asphalt"},"geometry":{"type":"LineString","coordinates":[[139.79533,35.548126],[139.795361,35.548054],[139.795381,35.547986],[139.795389,35.547921],[139.795387,35.547858],[139.795375,35.547794],[139.795352,35.547733],[139.795332,35.547683],[139.795292,35.547623],[139.795257,35.54758],[139.795217,35.547536],[139.795173,35.547503],[139.795106,35.547455]]}},{"type":"Feature","properties":{"aeroway":"taxiway","surface":"asphalt"},"geometry":{"type":"LineString","coordinates":[[139.798131,35.545969],[139.798164,35.545879],[139.798178,35.545824],[139.798181,35.545732],[139.798166,35.545666],[139.798138,35.545595],[139.798096,35.545533],[139.798044,35.545481],[139.797991,35.545436],[139.797906,35.545385],[139.797859,35.545366],[139.797819,35.545352],[139.797762,35.545338],[139.797688,35.54533],[139.797621,35.545327],[139.797548,35.545332],[139.797478,35.545344],[139.797412,35.545362],[139.797345,35.545387],[139.797283,35.545419],[139.797224,35.545456]]}},{"type":"Feature","properties":{"aeroway":"taxiway","surface":"asphalt"},"geometry":{"type":"LineString","coordinates":[[139.79388,35.55115],[139.793942,35.551168],[139.793998,35.55118],[139.794064,35.551188],[139.794142,35.551188],[139.79422,35.551181],[139.794289,35.551166],[139.794357,35.551142],[139.794422,35.551115],[139.79447,35.551086],[139.794514,35.551048],[139.794558,35.551008]]}},{"type":"Feature","properties":{"aeroway":"taxiway","surface":"asphalt"},"geometry":{"type":"LineString","coordinates":[[139.790091,35.552376],[139.790145,35.552321],[139.790185,35.552291],[139.790251,35.55225],[139.790336,35.552218],[139.790413,35.552198],[139.790493,35.552184],[139.790574,35.552179],[139.790655,35.55218],[139.790736,35.552189],[139.790814,35.552206],[139.790892,35.552227]]}},{"type":"Feature","properties":{"aeroway":"taxiway","surface":"asphalt"},"geometry":{"type":"LineString","coordinates":[[139.793067,35.551317],[139.793094,35.551244],[139.793108,35.551201],[139.793116,35.551144],[139.793116,35.551085],[139.793112,35.551026],[139.793098,35.550972],[139.793077,35.550913],[139.793049,35.550862],[139.793016,35.55081],[139.792977,35.550769],[139.79293,35.550725],[139.792861,35.550666],[139.792847,35.550659]]}},{"type":"Feature","properties":{"aeroway":"taxiway","surface":"asphalt"},"geometry":{"type":"LineString","coordinates":[[139.793806,35.551119],[139.793758,35.551107],[139.793706,35.551092],[139.793648,35.551082],[139.793597,35.551076],[139.793533,35.551074],[139.793455,35.551084],[139.793394,35.551097],[139.793327,35.55112],[139.793266,35.551146],[139.793215,35.551176],[139.793173,35.551209],[139.793131,35.551247],[139.793094,35.551279]]}},{"type":"Feature","properties":{"aeroway":"taxiway","surface":"asphalt"},"geometry":{"type":"LineString","coordinates":[[139.793639,35.550509],[139.793601,35.550593],[139.793582,35.550644],[139.793571,35.550697],[139.79357,35.550762],[139.793574,35.550826],[139.793586,35.550862],[139.793604,35.550907],[139.793629,35.550951],[139.793659,35.550994],[139.793692,35.55103],[139.79373,35.551063],[139.793768,35.551092],[139.793806,35.551119]]}},{"type":"Feature","properties":{"aeroway":"taxiway","ref":"R","surface":"asphalt"},"geometry":{"type":"LineString","coordinates":[[139.789362,35.553409],[139.78949,35.553227],[139.789545,35.553149],[139.789593,35.553081],[139.789646,35.553002],[139.789877,35.552679],[139.789929,35.552605],[139.78999,35.552519],[139.790034,35.552456],[139.790091,35.552376],[139.790316,35.552056],[139.790423,35.551904],[139.790652,35.551576],[139.7907,35.551512],[139.790752,35.551438],[139.79081,35.551353],[139.790857,35.551285],[139.791085,35.550966],[139.791145,35.550884],[139.791195,35.550811],[139.791254,35.550724],[139.79139,35.550536]]}},{"type":"Feature","properties":{"aeroway":"taxiway","surface":"asphalt"},"geometry":{"type":"LineString","coordinates":[[139.789534,35.554081],[139.78947,35.554034],[139.789432,35.554],[139.789381,35.553944],[139.789339,35.553886],[139.789308,35.553818],[139.789292,35.553771],[139.789283,35.553728],[139.789275,35.55368],[139.789278,35.553613],[139.789294,35.553542],[139.789322,35.553474],[139.789362,35.553409]]}},{"type":"Feature","properties":{"aeroway":"taxiway","ref":"A4","surface":"asphalt"},"geometry":{"type":"LineString","coordinates":[[139.783566,35.541984],[139.78347,35.541951],[139.783368,35.541932],[139.783264,35.541927],[139.783161,35.541937],[139.783074,35.541955],[139.782951,35.542]]}},{"type":"Feature","properties":{"aeroway":"taxiway","ref":"T6","surface":"asphalt"},"geometry":{"type":"LineString","coordinates":[[139.762307,35.553651],[139.762223,35.553729],[139.762159,35.553819],[139.762117,35.553918],[139.762099,35.554021],[139.762106,35.554125],[139.762137,35.554226],[139.762196,35.554317]]}},{"type":"Feature","properties":{"aeroway":"taxiway","ref":"T5B","surface":"asphalt"},"geometry":{"type":"LineString","coordinates":[[139.76329,35.554733],[139.76323,35.554779],[139.763177,35.55483],[139.763133,35.554887],[139.763106,35.554927],[139.763082,35.554978],[139.763061,35.555037],[139.76305,35.555102],[139.763048,35.555177],[139.763053,35.555224],[139.763067,35.555282],[139.76309,35.555343],[139.763119,35.555394],[139.763147,35.555441]]}},{"type":"Feature","properties":{"aeroway":"apron"},"geometry":{"type":"Polygon","coordinates":[[[139.784814,35.563214],[139.783342,35.562521],[139.782392,35.562084],[139.781604,35.561686],[139.784869,35.557083],[139.785236,35.556822],[139.786515,35.555016],[139.786973,35.554918],[139.789073,35.555902],[139.789458,35.555365],[139.78829,35.554824],[139.787571,35.554492],[139.787384,35.553907],[139.790881,35.548957],[139.791638,35.548787],[139.793507,35.549651],[139.793446,35.549733],[139.793997,35.549995],[139.79384,35.55021],[139.79399,35.550283],[139.792171,35.552843],[139.784814,35.563214]]]}},{"type":"Feature","properties":{"aeroway":"taxiway","surface":"asphalt"},"geometry":{"type":"LineString","coordinates":[[139.782269,35.566105],[139.782383,35.566185],[139.78245,35.566251],[139.782503,35.566324],[139.782537,35.566387],[139.782557,35.566454],[139.782565,35.566525],[139.782565,35.566591],[139.782554,35.566655],[139.782521,35.566737],[139.782464,35.566829],[139.782388,35.566918]]}},{"type":"Feature","properties":{"aeroway":"taxiway","surface":"asphalt"},"geometry":{"type":"LineString","coordinates":[[139.784449,35.565241],[139.784505,35.5652],[139.784582,35.565153],[139.784657,35.565118],[139.784727,35.565093],[139.784787,35.565081],[139.784865,35.565068],[139.784929,35.565063],[139.785011,35.565067],[139.785096,35.565078],[139.785153,35.565091],[139.785231,35.565112]]}},{"type":"Feature","properties":{"aeroway":"taxiway","surface":"asphalt"},"geometry":{"type":"LineString","coordinates":[[139.784287,35.565375],[139.784347,35.565296],[139.784374,35.565248],[139.784394,35.565199],[139.784416,35.565136],[139.78442,35.56509],[139.784422,35.565021],[139.784414,35.564958],[139.7844,35.5649],[139.784376,35.564841],[139.784347,35.564787],[139.784308,35.564736],[139.784268,35.564691],[139.78421,35.564647],[139.784134,35.564594]]}},{"type":"Feature","properties":{"aeroway":"taxiway","surface":"asphalt"},"geometry":{"type":"LineString","coordinates":[[139.779099,35.566651],[139.779021,35.5666],[139.778951,35.566566],[139.778868,35.566542],[139.778807,35.566529],[139.778695,35.566515],[139.778615,35.566514],[139.778524,35.566527],[139.778442,35.566545],[139.778351,35.566578]]}},{"type":"Feature","properties":{"aeroway":"taxiway","ref":"C","surface":"asphalt"},"geometry":{"type":"LineString","coordinates":[[139.780618,35.56769],[139.780711,35.567746],[139.780814,35.567786],[139.780925,35.56781],[139.78104,35.567817],[139.781154,35.567807],[139.781264,35.56778],[139.781366,35.567736],[139.781457,35.567679]]}},{"type":"Feature","properties":{"aeroway":"taxiway","ref":"R","surface":"asphalt"},"geometry":{"type":"LineString","coordinates":[[139.801474,35.535343],[139.80473,35.530743],[139.804917,35.530481]]}},{"type":"Feature","properties":{"aeroway":"taxiway","ref":"E","surface":"asphalt"},"geometry":{"type":"LineString","coordinates":[[139.805873,35.530932],[139.805686,35.531192],[139.802424,35.535799]]}},{"type":"Feature","properties":{"aeroway":"taxiway","ref":"D7","surface":"asphalt"},"geometry":{"type":"LineString","coordinates":[[139.822004,35.540498],[139.821376,35.540962],[139.820841,35.541379]]}},{"type":"Feature","properties":{"aeroway":"taxiway","ref":"D6","surface":"asphalt"},"geometry":{"type":"LineString","coordinates":[[139.817928,35.53762],[139.817764,35.537742],[139.81768,35.537806],[139.817244,35.53814]]}},{"type":"Feature","properties":{"aeroway":"taxiway","ref":"D6","surface":"asphalt"},"geometry":{"type":"LineString","coordinates":[[139.817244,35.53814],[139.817186,35.538175],[139.817119,35.53821],[139.817048,35.538239],[139.816964,35.538265],[139.816883,35.538275],[139.816798,35.538278],[139.816721,35.538275],[139.816652,35.538264],[139.816576,35.538247],[139.816501,35.538221],[139.816428,35.538183],[139.816349,35.538131]]}},{"type":"Feature","properties":{"aeroway":"taxiway","ref":"E","surface":"asphalt"},"geometry":{"type":"LineString","coordinates":[[139.806571,35.52995],[139.806343,35.530267],[139.806047,35.530686],[139.805915,35.530874],[139.805873,35.530932]]}},{"type":"Feature","properties":{"aeroway":"taxiway","surface":"asphalt"},"geometry":{"type":"LineString","coordinates":[[139.820841,35.541379],[139.820728,35.541441],[139.820619,35.541477],[139.820504,35.541496],[139.820387,35.5415],[139.820271,35.541486],[139.820159,35.541457],[139.820056,35.541412],[139.819963,35.541353],[139.819885,35.541282]]}},{"type":"Feature","properties":{"aeroway":"taxiway","ref":"D5","surface":"asphalt"},"geometry":{"type":"LineString","coordinates":[[139.81064,35.530403],[139.810288,35.530161],[139.810063,35.530007],[139.809684,35.52979],[139.809391,35.529653],[139.809057,35.529509],[139.808454,35.529306],[139.807867,35.529103],[139.807156,35.528866]]}},{"type":"Feature","properties":{"aeroway":"taxiway","ref":"E","surface":"asphalt"},"geometry":{"type":"LineString","coordinates":[[139.802424,35.535799],[139.801998,35.536385]]}},{"type":"Feature","properties":{"aeroway":"taxiway","ref":"R","surface":"asphalt"},"geometry":{"type":"LineString","coordinates":[[139.80008,35.537299],[139.800322,35.536962],[139.800371,35.536888],[139.801474,35.535343]]}},{"type":"Feature","properties":{"aeroway":"taxiway","ref":"A","surface":"asphalt"},"geometry":{"type":"LineString","coordinates":[[139.799538,35.537043],[139.80008,35.537299],[139.800504,35.537496],[139.800613,35.537549],[139.801581,35.538011],[139.80165,35.538051],[139.801712,35.538091],[139.801754,35.538127],[139.801812,35.538186],[139.801888,35.53828]]}},{"type":"Feature","properties":{"aeroway":"taxiway","surface":"asphalt"},"geometry":{"type":"LineString","coordinates":[[139.800613,35.537549],[139.800523,35.53752],[139.800451,35.537505],[139.800385,35.537499],[139.800306,35.537496],[139.800231,35.5375],[139.800161,35.537512],[139.80008,35.537531],[139.800001,35.53756],[139.79994,35.537593],[139.799891,35.537624],[139.799847,35.537658],[139.79981,35.537692],[139.799764,35.537743]]}},{"type":"Feature","properties":{"aeroway":"taxiway","surface":"asphalt"},"geometry":{"type":"LineString","coordinates":[[139.801942,35.538807],[139.801964,35.538759],[139.801982,35.53871],[139.801993,35.53866],[139.801999,35.53861],[139.801999,35.538559],[139.801993,35.538508],[139.801982,35.538458],[139.801965,35.538409],[139.801943,35.538362],[139.801918,35.538321],[139.801888,35.53828]]}},{"type":"Feature","properties":{"aeroway":"taxiway","surface":"asphalt"},"geometry":{"type":"LineString","coordinates":[[139.801942,35.538807],[139.80197,35.538775],[139.802,35.538751],[139.80203,35.538728],[139.802071,35.538704],[139.802106,35.538686],[139.802155,35.538664],[139.802214,35.538644],[139.802266,35.538632],[139.802315,35.538624],[139.802371,35.538621],[139.802443,35.538623],[139.802501,35.538628],[139.802556,35.53864],[139.802619,35.538658]]}},{"type":"Feature","properties":{"aeroway":"taxiway","surface":"asphalt"},"geometry":{"type":"LineString","coordinates":[[139.804759,35.540219],[139.804782,35.54016],[139.804798,35.540099],[139.804807,35.540034],[139.804808,35.539963],[139.804796,35.539902],[139.804779,35.539842],[139.804752,35.539781],[139.804714,35.539724],[139.804671,35.53968],[139.804626,35.539636],[139.804574,35.539597],[139.804515,35.539558]]}},{"type":"Feature","properties":{"aeroway":"taxiway","ref":"C","surface":"asphalt"},"geometry":{"type":"LineString","coordinates":[[139.784571,35.565083],[139.784722,35.56487],[139.784973,35.564517],[139.785,35.56448]]}},{"type":"Feature","properties":{"aeroway":"taxiway","surface":"asphalt"},"geometry":{"type":"LineString","coordinates":[[139.784973,35.564517],[139.784952,35.564561],[139.784939,35.564596],[139.78493,35.564639],[139.784924,35.564678],[139.784923,35.564732],[139.784927,35.564782],[139.784946,35.564839],[139.784971,35.564894],[139.785002,35.564943],[139.785048,35.564994],[139.785087,35.565028],[139.785139,35.565069]]}},{"type":"Feature","properties":{"aeroway":"taxiway","surface":"asphalt"},"geometry":{"type":"LineString","coordinates":[[139.785018,35.564452],[139.785043,35.564402],[139.785057,35.564355],[139.78507,35.5643],[139.785071,35.564235],[139.785065,35.564185],[139.785051,35.564132],[139.785027,35.564085],[139.785006,35.564042],[139.784973,35.563999],[139.784932,35.563957],[139.784896,35.563926],[139.78485,35.563892]]}},{"type":"Feature","properties":{"aeroway":"taxiway","surface":"asphalt"},"geometry":{"type":"LineString","coordinates":[[139.784276,35.564661],[139.784342,35.564682],[139.784399,35.564695],[139.78447,35.564702],[139.784545,35.564704],[139.784614,35.564701],[139.78468,35.564686],[139.784734,35.564671],[139.784801,35.564643],[139.784852,35.564616],[139.784896,35.564582],[139.784927,35.564559],[139.784973,35.564517]]}},{"type":"Feature","properties":{"aeroway":"taxiway","surface":"asphalt"},"geometry":{"type":"LineString","coordinates":[[139.784736,35.563838],[139.784682,35.563824],[139.784628,35.563814],[139.784573,35.563809],[139.784512,35.563806],[139.784445,35.56381],[139.784388,35.563818],[139.784339,35.563831],[139.784288,35.563847],[139.78423,35.56387],[139.784188,35.563892],[139.784141,35.563927],[139.784101,35.563961],[139.784064,35.563998]]}},{"type":"Feature","properties":{"aeroway":"taxiway","surface":"asphalt"},"geometry":{"type":"LineString","coordinates":[[139.783896,35.56344],[139.783942,35.563476],[139.783984,35.563514],[139.784028,35.563566],[139.784059,35.563605],[139.784086,35.563658],[139.784105,35.563712],[139.784112,35.563772],[139.784111,35.563846],[139.784104,35.5639],[139.784088,35.563947],[139.784064,35.563998]]}},{"type":"Feature","properties":{"aeroway":"taxiway","surface":"asphalt"},"geometry":{"type":"LineString","coordinates":[[139.782278,35.563157],[139.7823,35.563109],[139.782313,35.563075],[139.782324,35.563041],[139.78233,35.562994],[139.782331,35.562941],[139.782328,35.562893],[139.782311,35.56283],[139.782285,35.56277],[139.782248,35.562714],[139.782203,35.562662],[139.782151,35.562621],[139.782092,35.562583]]}},{"type":"Feature","properties":{"aeroway":"taxiway","surface":"asphalt"},"geometry":{"type":"LineString","coordinates":[[139.78224,35.563209],[139.782215,35.563261],[139.782195,35.563314],[139.782186,35.563372],[139.782185,35.563424],[139.782188,35.563477],[139.782204,35.563533],[139.782229,35.56359],[139.78226,35.563642],[139.782304,35.563694],[139.782362,35.563744],[139.782417,35.563782]]}},{"type":"Feature","properties":{"aeroway":"taxiway","ref":"B11","surface":"asphalt"},"geometry":{"type":"LineString","coordinates":[[139.773451,35.561015],[139.773518,35.560982],[139.773576,35.560958],[139.773638,35.56094],[139.773694,35.560927],[139.773752,35.560919],[139.773817,35.560916],[139.773898,35.560915],[139.773977,35.560925],[139.774037,35.560938],[139.774087,35.560955],[139.774145,35.560978],[139.774189,35.560999],[139.774236,35.561026],[139.774281,35.561058],[139.774335,35.5611]]}},{"type":"Feature","properties":{"aeroway":"taxiway","ref":"B11","surface":"asphalt"},"geometry":{"type":"LineString","coordinates":[[139.772196,35.561736],[139.772695,35.561454],[139.772883,35.561347],[139.773009,35.561274],[139.773451,35.561015],[139.773506,35.560977],[139.773553,35.560939],[139.773597,35.560902],[139.773637,35.560854]]}},{"type":"Feature","properties":{"aeroway":"taxiway","surface":"asphalt"},"geometry":{"type":"LineString","coordinates":[[139.774691,35.560121],[139.774664,35.5601],[139.774624,35.560073],[139.774588,35.560042],[139.774557,35.560007],[139.77453,35.559971],[139.774508,35.559932],[139.774492,35.559892],[139.77448,35.55985],[139.774474,35.559808],[139.774474,35.559765],[139.774479,35.559723],[139.77449,35.559681],[139.774506,35.559641],[139.774522,35.559607]]}},{"type":"Feature","properties":{"aeroway":"taxiway","surface":"asphalt"},"geometry":{"type":"LineString","coordinates":[[139.773989,35.560357],[139.774017,35.56033],[139.774042,35.560305],[139.774088,35.560267],[139.774138,35.560234],[139.774186,35.560206],[139.774245,35.560179],[139.774309,35.560158],[139.77437,35.560143],[139.774439,35.560132],[139.774499,35.560128],[139.774557,35.560127],[139.774626,35.560131],[139.774694,35.560144],[139.77475,35.560158],[139.774823,35.56018]]}},{"type":"Feature","properties":{"aeroway":"taxiway","surface":"asphalt"},"geometry":{"type":"LineString","coordinates":[[139.773782,35.559689],[139.773834,35.559721],[139.773882,35.559762],[139.773924,35.559807],[139.77396,35.559855],[139.773991,35.559906],[139.774015,35.559959],[139.774033,35.560013],[139.774043,35.560069],[139.774047,35.560126],[139.774044,35.560182],[139.774034,35.560238],[139.774018,35.560293],[139.773989,35.560357]]}},{"type":"Feature","properties":{"aeroway":"taxiway","ref":"J1","surface":"asphalt"},"geometry":{"type":"LineString","coordinates":[[139.773637,35.560854],[139.773859,35.560545],[139.773989,35.560357],[139.774035,35.560292],[139.774289,35.55993],[139.774522,35.559607],[139.774569,35.559545]]}},{"type":"Feature","properties":{"aeroway":"taxiway","surface":"asphalt"},"geometry":{"type":"LineString","coordinates":[[139.773904,35.559744],[139.773975,35.559764],[139.774043,35.559776],[139.774113,35.559779],[139.774182,35.559775],[139.77425,35.559763],[139.774316,35.559744],[139.774378,35.559717],[139.774434,35.559684],[139.774484,35.559644],[139.774522,35.559607]]}},{"type":"Feature","properties":{"aeroway":"taxiway","surface":"asphalt"},"geometry":{"type":"LineString","coordinates":[[139.773782,35.559689],[139.773732,35.559674],[139.773682,35.559663],[139.773625,35.559653],[139.773571,35.559647],[139.77351,35.559645],[139.773451,35.559647],[139.773395,35.559654],[139.773335,35.559664],[139.773282,35.559676],[139.773237,35.559691],[139.773181,35.559715],[139.773159,35.559727],[139.773128,35.559743],[139.773079,35.559775],[139.773034,35.559811],[139.772985,35.559855]]}},{"type":"Feature","properties":{"aeroway":"taxiway","surface":"asphalt"},"geometry":{"type":"LineString","coordinates":[[139.77354,35.559068],[139.773529,35.559116],[139.773517,35.559165],[139.773511,35.559214],[139.77351,35.559264],[139.773515,35.559313],[139.773525,35.559362],[139.773541,35.559409],[139.773561,35.559456],[139.773587,35.5595],[139.773618,35.559543],[139.773654,35.559583],[139.773693,35.559621],[139.773737,35.559655],[139.773782,35.559689]]}},{"type":"Feature","properties":{"aeroway":"taxiway","surface":"asphalt"},"geometry":{"type":"LineString","coordinates":[[139.772943,35.55991],[139.77297,35.55986],[139.772983,35.559816],[139.772991,35.559776],[139.772995,35.559729],[139.772994,35.559687],[139.772987,35.55964],[139.772974,35.559585],[139.772957,35.559531],[139.772939,35.55949],[139.772909,35.559441]]}},{"type":"Feature","properties":{"aeroway":"taxiway","surface":"asphalt"},"geometry":{"type":"LineString","coordinates":[[139.77354,35.559068],[139.773487,35.559125],[139.773454,35.559155],[139.773394,35.559197],[139.773332,35.559229],[139.773265,35.559253],[139.773195,35.55927],[139.773123,35.559279],[139.77305,35.55928],[139.772977,35.559274],[139.772901,35.559258],[139.772835,35.559239]]}},{"type":"Feature","properties":{"aeroway":"taxiway","surface":"asphalt"},"geometry":{"type":"LineString","coordinates":[[139.772835,35.559239],[139.772797,35.55922],[139.772753,35.559199],[139.772714,35.559175],[139.772681,35.559152],[139.772654,35.559128],[139.77262,35.559097],[139.772587,35.559048],[139.772565,35.559011],[139.772546,35.558969],[139.77253,35.55892],[139.772523,35.558884],[139.77252,35.558838],[139.772522,35.558796],[139.772526,35.558766],[139.772534,35.558729],[139.772548,35.55869],[139.772562,35.558654]]}},{"type":"Feature","properties":{"aeroway":"taxiway","surface":"asphalt"},"geometry":{"type":"LineString","coordinates":[[139.772219,35.559138],[139.772245,35.559088],[139.772264,35.559044],[139.772279,35.558997],[139.77229,35.558947],[139.772292,35.558899],[139.772289,35.55885],[139.772286,35.558807],[139.772279,35.558767],[139.772263,35.558721],[139.772242,35.558676],[139.772216,35.558633]]}},{"type":"Feature","properties":{"aeroway":"taxiway","surface":"asphalt"},"geometry":{"type":"LineString","coordinates":[[139.771695,35.559865],[139.771638,35.559927],[139.771579,35.559975],[139.77153,35.560005],[139.771483,35.560036],[139.771418,35.560064],[139.771363,35.560084],[139.771306,35.560098],[139.771253,35.560107],[139.771184,35.560111],[139.771105,35.560111],[139.771041,35.56011],[139.770959,35.560094],[139.770893,35.560076],[139.770826,35.560053],[139.77077,35.560026],[139.770718,35.559994],[139.770672,35.55996]]}},{"type":"Feature","properties":{"aeroway":"taxiway","ref":"T9","surface":"asphalt"},"geometry":{"type":"LineString","coordinates":[[139.770995,35.560852],[139.771025,35.560795],[139.771048,35.560741],[139.771064,35.560686],[139.771072,35.560629],[139.771073,35.560572],[139.771066,35.560515],[139.771052,35.560459],[139.771031,35.560404],[139.771004,35.560351]]}},{"type":"Feature","properties":{"aeroway":"taxiway","surface":"asphalt"},"geometry":{"type":"LineString","coordinates":[[139.772073,35.561129],[139.77204,35.56121],[139.772024,35.561258],[139.772017,35.561314],[139.772011,35.561356],[139.772015,35.56142],[139.772023,35.561459],[139.77203,35.561496],[139.772049,35.561535],[139.772067,35.561571],[139.772096,35.56162],[139.772103,35.56163]]}},{"type":"Feature","properties":{"aeroway":"taxiway","ref":"B11","surface":"asphalt"},"geometry":{"type":"LineString","coordinates":[[139.772526,35.56212],[139.772499,35.56207],[139.772478,35.562016],[139.772463,35.56196],[139.772456,35.561904],[139.772455,35.561848],[139.772462,35.561792],[139.772476,35.561736],[139.772497,35.561682],[139.772525,35.56163],[139.772559,35.561581],[139.772599,35.561535],[139.772644,35.561492],[139.772695,35.561454]]}},{"type":"Feature","properties":{"aeroway":"taxiway","ref":"B11","surface":"asphalt"},"geometry":{"type":"LineString","coordinates":[[139.772695,35.561454],[139.772636,35.561477],[139.77259,35.561495],[139.772527,35.561511],[139.772454,35.561523],[139.772388,35.561529],[139.772309,35.561531],[139.772242,35.561527],[139.772173,35.561517],[139.77211,35.561498],[139.772066,35.56148],[139.772023,35.561459],[139.771983,35.56144],[139.771936,35.561414],[139.7719,35.561391],[139.771894,35.561383]]}},{"type":"Feature","properties":{"aeroway":"taxiway","surface":"asphalt"},"geometry":{"type":"LineString","coordinates":[[139.769181,35.55982],[139.769082,35.55991],[139.769016,35.559973],[139.768947,35.56003],[139.768888,35.560062],[139.768823,35.560091],[139.768756,35.560112],[139.768674,35.560122],[139.7686,35.560124],[139.768517,35.560118],[139.768436,35.560105],[139.768363,35.560088],[139.768293,35.560067],[139.768225,35.560033],[139.768155,35.559993],[139.768085,35.55994]]}},{"type":"Feature","properties":{"aeroway":"taxiway","ref":"L13","surface":"asphalt"},"geometry":{"type":"LineString","coordinates":[[139.769548,35.55552],[139.769635,35.555587],[139.76969,35.55562],[139.769749,35.555649],[139.769833,35.555679],[139.769915,35.555698],[139.770011,35.555708],[139.770105,35.555708],[139.770192,35.555702],[139.770301,35.555675],[139.770392,35.555636],[139.770822,35.555429],[139.771325,35.555192]]}},{"type":"Feature","properties":{"aeroway":"taxiway","ref":"L13","surface":"asphalt"},"geometry":{"type":"LineString","coordinates":[[139.771325,35.555192],[139.771365,35.555173],[139.77167,35.55503],[139.771903,35.554904],[139.772122,35.55478],[139.7724,35.554598],[139.77268,35.554397],[139.772864,35.554247],[139.773067,35.554076],[139.773305,35.553856],[139.773596,35.553535],[139.773844,35.553251]]}},{"type":"Feature","properties":{"aeroway":"taxiway","ref":"A14","surface":"asphalt"},"geometry":{"type":"LineString","coordinates":[[139.773024,35.557997],[139.772804,35.55774],[139.772472,35.557359],[139.772241,35.557085],[139.772212,35.557051],[139.771861,35.556641],[139.771632,35.556368]]}},{"type":"Feature","properties":{"aeroway":"taxiway","ref":"L14","surface":"asphalt"},"geometry":{"type":"LineString","coordinates":[[139.770496,35.555052],[139.770444,35.554992],[139.770403,35.554927],[139.770374,35.554858],[139.770356,35.554787],[139.770351,35.554714],[139.770358,35.554641],[139.770378,35.55457],[139.770416,35.554484]]}},{"type":"Feature","properties":{"aeroway":"taxiway","surface":"asphalt"},"geometry":{"type":"LineString","coordinates":[[139.769809,35.555347],[139.769784,35.555393],[139.76976,35.555455],[139.76975,35.555504],[139.769745,35.555555],[139.769744,35.555604],[139.769749,35.555649],[139.769759,35.555695],[139.769775,35.555742],[139.769794,35.555786],[139.769835,35.555854]]}},{"type":"Feature","properties":{"aeroway":"taxiway","surface":"asphalt"},"geometry":{"type":"LineString","coordinates":[[139.759226,35.550873],[139.759174,35.550827],[139.759126,35.550791],[139.759061,35.550756],[139.75899,35.550729],[139.758914,35.550709],[139.758845,35.550701],[139.758776,35.5507],[139.758714,35.550704],[139.758652,35.550715],[139.758594,35.550732],[139.758524,35.550755]]}},{"type":"Feature","properties":{"aeroway":"taxiway","ref":"T3","surface":"asphalt"},"geometry":{"type":"LineString","coordinates":[[139.761426,35.550599],[139.762244,35.550982],[139.762552,35.551134],[139.762753,35.551246],[139.763102,35.55146],[139.763391,35.551666],[139.76372,35.551941],[139.764039,35.552234]]}},{"type":"Feature","properties":{"aeroway":"taxiway","ref":"B2","surface":"asphalt"},"geometry":{"type":"LineString","coordinates":[[139.762416,35.550344],[139.762382,35.550291],[139.762356,35.550235],[139.762336,35.550177],[139.762325,35.550117],[139.762322,35.550057],[139.762327,35.549997],[139.762335,35.549944],[139.762355,35.549884],[139.76239,35.549825],[139.762426,35.549773],[139.76247,35.549724],[139.762519,35.549679],[139.762577,35.549642]]}},{"type":"Feature","properties":{"aeroway":"taxiway","ref":"T2","surface":"asphalt"},"geometry":{"type":"LineString","coordinates":[[139.761584,35.550207],[139.761671,35.55015],[139.761713,35.550113],[139.76175,35.55007],[139.761787,35.550022],[139.761811,35.549971],[139.76183,35.549918],[139.76184,35.549854],[139.761838,35.549787],[139.761829,35.549744],[139.761817,35.549696],[139.761793,35.549642],[139.761773,35.549603]]}},{"type":"Feature","properties":{"aeroway":"taxiway","ref":"T2","surface":"asphalt"},"geometry":{"type":"LineString","coordinates":[[139.759331,35.550997],[139.759384,35.551036],[139.759432,35.55107],[139.759486,35.551098],[139.759544,35.55112],[139.759599,35.551134],[139.759658,35.551146],[139.759717,35.551151],[139.759789,35.55115],[139.759852,35.551144],[139.75991,35.551135],[139.759971,35.551116],[139.760018,35.551098],[139.76009,35.551063]]}},{"type":"Feature","properties":{"aeroway":"taxiway","surface":"asphalt"},"geometry":{"type":"LineString","coordinates":[[139.759321,35.550294],[139.759259,35.550352],[139.759214,35.550405],[139.759184,35.550457],[139.759165,35.5505],[139.759147,35.550553],[139.759141,35.550598],[139.759139,35.550657],[139.759147,35.550716],[139.759168,35.550775],[139.759189,35.550819],[139.759226,35.550873]]}},{"type":"Feature","properties":{"aeroway":"taxiway","surface":"asphalt"},"geometry":{"type":"LineString","coordinates":[[139.767424,35.557564],[139.767339,35.557535],[139.767261,35.557515],[139.76718,35.557504],[139.767099,35.557504],[139.767018,35.557512],[139.76694,35.557531],[139.766866,35.557559]]}},{"type":"Feature","properties":{"aeroway":"taxiway","ref":"T1","surface":"asphalt"},"geometry":{"type":"LineString","coordinates":[[139.756913,35.55168],[139.758524,35.550755],[139.759321,35.550294]]}},{"type":"Feature","properties":{"aeroway":"taxiway","ref":"U2","surface":"asphalt"},"geometry":{"type":"LineString","coordinates":[[139.76428,35.548659],[139.764233,35.548699],[139.764194,35.548738],[139.764162,35.548774],[139.764137,35.548813],[139.76412,35.548848],[139.764103,35.548895],[139.764087,35.548946],[139.764082,35.548995],[139.764084,35.54905],[139.764092,35.549093],[139.764108,35.549139],[139.764119,35.549174],[139.764147,35.549227]]}},{"type":"Feature","properties":{"aeroway":"taxiway","ref":"U2","surface":"asphalt"},"geometry":{"type":"LineString","coordinates":[[139.76428,35.548659],[139.764204,35.54869],[139.764132,35.548708],[139.764069,35.548719],[139.764,35.54872],[139.763934,35.548718],[139.763869,35.548708],[139.763801,35.54869],[139.763738,35.54867],[139.763685,35.548645],[139.76363,35.548609],[139.76357,35.548555]]}},{"type":"Feature","properties":{"aeroway":"taxiway","ref":"P7","surface":"asphalt"},"geometry":{"type":"LineString","coordinates":[[139.767156,35.549604],[139.767012,35.549535],[139.766379,35.549234],[139.766152,35.549127],[139.76607,35.549087],[139.765458,35.548797],[139.764949,35.548554],[139.764773,35.548471]]}},{"type":"Feature","properties":{"aeroway":"taxiway","ref":"E","surface":"asphalt"},"geometry":{"type":"LineString","coordinates":[[139.801812,35.538186],[139.801778,35.538125],[139.80176,35.538079],[139.801745,35.538038],[139.801737,35.537985],[139.801736,35.53791],[139.801742,35.537839],[139.801933,35.536582],[139.801943,35.536532],[139.801954,35.536492],[139.801967,35.536449],[139.801998,35.536385]]}},{"type":"Feature","properties":{"aeroway":"taxiway","ref":"E1","surface":"asphalt"},"geometry":{"type":"LineString","coordinates":[[139.801888,35.53828],[139.801931,35.538314],[139.801966,35.538344],[139.802022,35.538376],[139.802619,35.538658],[139.802669,35.538681],[139.802716,35.538703]]}},{"type":"Feature","properties":{"aeroway":"taxiway","ref":"T4","surface":"asphalt"},"geometry":{"type":"LineString","coordinates":[[139.761469,35.551646],[139.761917,35.551858],[139.762916,35.552333],[139.763881,35.552786],[139.76418,35.552943],[139.764392,35.553069],[139.764729,35.553289],[139.764951,35.553458],[139.76518,35.55365],[139.765568,35.55402]]}},{"type":"Feature","properties":{"aeroway":"taxiway","surface":"asphalt"},"geometry":{"type":"LineString","coordinates":[[139.796277,35.548594],[139.796323,35.548543],[139.79637,35.548502],[139.796427,35.548463],[139.796489,35.548429],[139.796555,35.5484],[139.796625,35.548378],[139.796698,35.548363],[139.796772,35.548354],[139.796847,35.548352],[139.796922,35.548356],[139.796995,35.548368],[139.797066,35.548388],[139.797154,35.548423],[139.797234,35.548468],[139.797306,35.548522],[139.797367,35.548584],[139.797417,35.548652],[139.797446,35.54871],[139.797469,35.548791],[139.797482,35.548875]]}},{"type":"Feature","properties":{"aeroway":"taxiway","surface":"asphalt"},"geometry":{"type":"LineString","coordinates":[[139.799782,35.546273],[139.79987,35.546337],[139.799943,35.546412],[139.799999,35.546497],[139.800035,35.546589],[139.800051,35.546684],[139.800046,35.54678],[139.800021,35.546874],[139.799975,35.546962]]}},{"type":"Feature","properties":{"aeroway":"taxiway","surface":"asphalt"},"geometry":{"type":"LineString","coordinates":[[139.800084,35.542248],[139.800031,35.542232],[139.799973,35.542217],[139.799918,35.542211],[139.799862,35.542207],[139.799801,35.542207],[139.799743,35.542214],[139.799705,35.542221],[139.799622,35.542244],[139.799544,35.542278],[139.799473,35.542321],[139.799412,35.542379],[139.799362,35.542432]]}},{"type":"Feature","properties":{"aeroway":"taxiway","surface":"asphalt"},"geometry":{"type":"LineString","coordinates":[[139.800155,35.542285],[139.800215,35.542306],[139.80027,35.542318],[139.800331,35.542328],[139.800405,35.542331],[139.800476,35.542327],[139.800549,35.542314],[139.80062,35.542294],[139.800677,35.542266],[139.800738,35.542233],[139.800792,35.542194],[139.800846,35.54214]]}},{"type":"Feature","properties":{"aeroway":"taxiway","surface":"asphalt"},"geometry":{"type":"LineString","coordinates":[[139.800896,35.542071],[139.800922,35.542016],[139.800936,35.541973],[139.800942,35.541933],[139.800947,35.541895],[139.800946,35.541843],[139.800936,35.541782],[139.800915,35.54172],[139.800885,35.541669],[139.800854,35.541627],[139.80082,35.54159],[139.800767,35.541546],[139.800728,35.541521],[139.800683,35.541494]]}},{"type":"Feature","properties":{"aeroway":"taxiway","ref":"E2","surface":"asphalt"},"geometry":{"type":"LineString","coordinates":[[139.800683,35.541494],[139.80066,35.541484],[139.800632,35.541472],[139.800577,35.54145],[139.80051,35.541437],[139.80044,35.541431],[139.800361,35.541429],[139.800294,35.541435],[139.80022,35.541452],[139.800152,35.541474],[139.800093,35.541504],[139.800048,35.541531],[139.800006,35.541564],[139.799967,35.541598],[139.799927,35.541639]]}},{"type":"Feature","properties":{"aeroway":"taxiway","surface":"asphalt"},"geometry":{"type":"LineString","coordinates":[[139.800846,35.54214],[139.800819,35.542216],[139.800805,35.542264],[139.800803,35.542315],[139.800803,35.542376],[139.800812,35.542429],[139.800833,35.542484],[139.800864,35.542541],[139.800901,35.542595],[139.800956,35.542646],[139.80101,35.542688]]}},{"type":"Feature","properties":{"aeroway":"taxiway","surface":"asphalt"},"geometry":{"type":"LineString","coordinates":[[139.789451,35.557406],[139.789533,35.557428],[139.78961,35.557439],[139.789674,35.557442],[139.789741,35.55744],[139.789816,35.557428],[139.789884,35.55741],[139.78995,35.557383],[139.790001,35.557356],[139.79005,35.557326],[139.79012,35.557268]]}},{"type":"Feature","properties":{"aeroway":"taxiway","surface":"asphalt"},"geometry":{"type":"LineString","coordinates":[[139.789623,35.557964],[139.789641,35.557926],[139.789656,35.557881],[139.789669,35.557822],[139.789674,35.557772],[139.789668,35.557712],[139.789653,35.557651],[139.789631,35.557593],[139.789593,35.557536],[139.789555,35.557498],[139.789513,35.557456],[139.789451,35.557406]]}},{"type":"Feature","properties":{"aeroway":"taxiway","ref":"R","surface":"asphalt"},"geometry":{"type":"LineString","coordinates":[[139.780719,35.565223],[139.780797,35.565176],[139.780857,35.56513],[139.780905,35.565078],[139.780994,35.564967],[139.781018,35.564932]]}},{"type":"Feature","properties":{"aeroway":"taxiway","surface":"asphalt"},"geometry":{"type":"LineString","coordinates":[[139.782269,35.566105],[139.782503,35.566215],[139.7826,35.566258],[139.782706,35.566288],[139.782796,35.566302],[139.782888,35.566308],[139.782963,35.566302],[139.783041,35.566291],[139.783122,35.566264],[139.783191,35.566239],[139.783289,35.566191]]}},{"type":"Feature","properties":{"aeroway":"taxiway","ref":"Y","surface":"asphalt"},"geometry":{"type":"LineString","coordinates":[[139.776045,35.56309],[139.776099,35.563142],[139.776133,35.563176],[139.776171,35.563207],[139.776202,35.563226],[139.776246,35.56325],[139.776592,35.563415],[139.776907,35.563574],[139.777332,35.563773],[139.777527,35.563865],[139.778202,35.564184],[139.778341,35.564248],[139.778875,35.564499],[139.778985,35.564551],[139.779489,35.564788],[139.779541,35.564813],[139.779753,35.564912]]}},{"type":"Feature","properties":{"aeroway":"taxiway","ref":"J1","surface":"asphalt"},"geometry":{"type":"LineString","coordinates":[[139.774569,35.559545],[139.774607,35.559478],[139.774629,35.559417],[139.77464,35.559353],[139.774641,35.559289],[139.77463,35.559225],[139.77461,35.559163],[139.774579,35.559104],[139.774539,35.559049],[139.77449,35.558999],[139.774433,35.558954]]}},{"type":"Feature","properties":{"aeroway":"taxiway","surface":"asphalt"},"geometry":{"type":"LineString","coordinates":[[139.77411,35.558279],[139.774086,35.558338],[139.77407,35.5584],[139.774063,35.558463],[139.774066,35.558526],[139.774078,35.558588],[139.774098,35.558648],[139.774128,35.558707],[139.774166,35.558762],[139.774211,35.558812],[139.774262,35.558861]]}},{"type":"Feature","properties":{"aeroway":"taxiway","ref":"J1","surface":"asphalt"},"geometry":{"type":"LineString","coordinates":[[139.775317,35.559372],[139.775248,35.559344],[139.775174,35.559326],[139.775097,35.559317],[139.77502,35.559316],[139.774943,35.559324],[139.774868,35.559341],[139.774797,35.559366],[139.774731,35.559398],[139.774671,35.559438],[139.774618,35.559484],[139.774569,35.559545]]}},{"type":"Feature","properties":{"aeroway":"taxiway","surface":"asphalt"},"geometry":{"type":"LineString","coordinates":[[139.777593,35.560967],[139.777546,35.561025],[139.777506,35.561066],[139.777449,35.561106],[139.777386,35.561139],[139.777318,35.561166],[139.777247,35.561184],[139.777173,35.561195],[139.777098,35.561198],[139.777023,35.561192],[139.77695,35.561178],[139.77688,35.561156]]}},{"type":"Feature","properties":{"aeroway":"taxiway","surface":"asphalt"},"geometry":{"type":"LineString","coordinates":[[139.777593,35.560967],[139.777559,35.561027],[139.777535,35.56108],[139.777521,35.56114],[139.777517,35.5612],[139.777523,35.561261],[139.777538,35.561321],[139.777562,35.561378],[139.777596,35.561433],[139.777638,35.561483],[139.777687,35.561529],[139.777737,35.561564]]}},{"type":"Feature","properties":{"aeroway":"taxiway","surface":"asphalt"},"geometry":{"type":"LineString","coordinates":[[139.773576,35.559024],[139.773598,35.55896],[139.773614,35.558905],[139.773622,35.55884],[139.773621,35.55878],[139.77361,35.558724],[139.773592,35.558675],[139.77356,35.558628],[139.773526,35.558578],[139.773492,35.558539],[139.773456,35.558507],[139.773445,35.558496],[139.773401,35.558465]]}},{"type":"Feature","properties":{"aeroway":"taxiway","ref":"T6","surface":"asphalt"},"geometry":{"type":"LineString","coordinates":[[139.765445,35.554687],[139.764651,35.554306],[139.764584,35.554275],[139.764306,35.554146],[139.763557,35.553795],[139.763022,35.553545]]}},{"type":"Feature","properties":{"aeroway":"taxiway","surface":"asphalt"},"geometry":{"type":"LineString","coordinates":[[139.771368,35.560329],[139.771338,35.560404],[139.77132,35.560481],[139.771316,35.560548],[139.77132,35.560615],[139.771332,35.560671],[139.771348,35.560717],[139.77136,35.560744],[139.77138,35.560783]]}},{"type":"Feature","properties":{"aeroway":"taxiway","ref":"B1","surface":"asphalt"},"geometry":{"type":"LineString","coordinates":[[139.762684,35.548367],[139.762769,35.548324],[139.762852,35.548293],[139.762939,35.548274],[139.76303,35.548267],[139.763121,35.548272],[139.763209,35.548289],[139.763293,35.548318],[139.76337,35.548358],[139.763438,35.548408],[139.763494,35.548466]]}},{"type":"Feature","properties":{"aeroway":"taxiway","surface":"asphalt"},"geometry":{"type":"LineString","coordinates":[[139.7717,35.561649],[139.771727,35.5616],[139.771746,35.561559],[139.771756,35.561521],[139.771764,35.561466],[139.771764,35.561408],[139.771757,35.561356],[139.771749,35.561281],[139.771734,35.56123],[139.771722,35.561198]]}},{"type":"Feature","properties":{"aeroway":"taxiway","ref":"T9","surface":"asphalt"},"geometry":{"type":"LineString","coordinates":[[139.769495,35.561576],[139.769544,35.561612],[139.769602,35.561651],[139.769672,35.561685],[139.769749,35.561711],[139.769826,35.561733],[139.769899,35.561744],[139.769989,35.561745],[139.770072,35.561739],[139.770154,35.561728],[139.770233,35.561706],[139.770313,35.561676],[139.770349,35.561656],[139.770384,35.561638],[139.770453,35.561587],[139.770496,35.561546],[139.77055,35.561489]]}},{"type":"Feature","properties":{"aeroway":"taxiway","ref":"A1","surface":"asphalt"},"geometry":{"type":"LineString","coordinates":[[139.787488,35.537614],[139.78735,35.537549],[139.787078,35.53742],[139.786951,35.537366],[139.786311,35.537059],[139.786125,35.53697]]}},{"type":"Feature","properties":{"aeroway":"taxiway","ref":"B14","surface":"asphalt"},"geometry":{"type":"LineString","coordinates":[[139.776677,35.566955],[139.776739,35.567007],[139.776809,35.567052],[139.776886,35.567089],[139.776968,35.567116],[139.777055,35.567134],[139.777144,35.567142],[139.777233,35.56714],[139.777321,35.567127],[139.77735,35.56712],[139.777406,35.567105],[139.777486,35.567074],[139.77756,35.567033],[139.777698,35.566954],[139.77782,35.566884],[139.778351,35.566578],[139.778688,35.566386],[139.77881,35.566315],[139.779207,35.566085],[139.779348,35.566004]]}},{"type":"Feature","properties":{"aeroway":"taxiway","ref":"R","surface":"asphalt"},"geometry":{"type":"LineString","coordinates":[[139.781018,35.564932],[139.781108,35.564797],[139.781464,35.564299],[139.781651,35.56404],[139.781673,35.564008],[139.781984,35.563574],[139.78224,35.563209],[139.782278,35.563157],[139.782537,35.562793],[139.782838,35.56237]]}},{"type":"Feature","properties":{"aeroway":"taxiway","ref":"C","surface":"asphalt"},"geometry":{"type":"LineString","coordinates":[[139.781457,35.567679],[139.78148,35.567659],[139.781724,35.56745],[139.782202,35.567059],[139.782388,35.566918],[139.783289,35.566191],[139.783477,35.566032],[139.783987,35.56561],[139.784287,35.565375]]}},{"type":"Feature","properties":{"aeroway":"taxiway","ref":"C","surface":"asphalt"},"geometry":{"type":"LineString","coordinates":[[139.779099,35.566651],[139.779305,35.566786],[139.780618,35.56769]]}},{"type":"Feature","properties":{"aeroway":"taxiway","surface":"asphalt"},"geometry":{"type":"LineString","coordinates":[[139.779348,35.566004],[139.779279,35.566072],[139.779218,35.566143],[139.779171,35.566221],[139.779141,35.566304],[139.779127,35.56639],[139.77913,35.566476],[139.77915,35.566561],[139.779187,35.566642],[139.779239,35.566718],[139.779305,35.566786]]}},{"type":"Feature","properties":{"aeroway":"taxiway","ref":"T5B","surface":"asphalt"},"geometry":{"type":"LineString","coordinates":[[139.762448,35.554628],[139.762512,35.554675],[139.762564,35.55471],[139.762631,35.554744],[139.762702,35.554772],[139.762775,35.554792],[139.762853,35.554804],[139.762928,35.554809],[139.763001,35.554807],[139.763072,35.554801],[139.76314,35.554788],[139.763206,35.554766],[139.76329,35.554733]]}},{"type":"Feature","properties":{"aeroway":"taxiway","surface":"asphalt"},"geometry":{"type":"LineString","coordinates":[[139.76718,35.5559],[139.766928,35.555672],[139.766835,35.555588],[139.766736,35.555499],[139.766415,35.555255],[139.766198,35.555104],[139.765974,35.554964],[139.765729,35.554826],[139.765445,35.554687]]}},{"type":"Feature","properties":{"aeroway":"taxiway","surface":"asphalt"},"geometry":{"type":"LineString","coordinates":[[139.764739,35.553903],[139.764808,35.553876],[139.764889,35.553853],[139.764965,35.553838],[139.765034,35.553835],[139.765124,35.553837],[139.7652,35.553846],[139.76527,35.553862],[139.765349,35.553888],[139.76541,35.553914],[139.765487,35.553958],[139.765568,35.55402]]}},{"type":"Feature","properties":{"aeroway":"taxiway","ref":"B5","surface":"asphalt"},"geometry":{"type":"LineString","coordinates":[[139.766201,35.553366],[139.766204,35.553337],[139.766211,35.553278],[139.766222,35.55322],[139.766242,35.553158],[139.76627,35.553103],[139.766303,35.553051],[139.766366,35.552966],[139.766415,35.5529],[139.766591,35.552657],[139.766631,35.552601],[139.766658,35.552542],[139.766674,35.552494],[139.766688,35.552442],[139.766693,35.552398],[139.766694,35.552312],[139.766678,35.552246],[139.766657,35.552187],[139.766628,35.552132],[139.76659,35.552071]]}},{"type":"Feature","properties":{"aeroway":"taxiway","surface":"paved"},"geometry":{"type":"LineString","coordinates":[[139.757882,35.561757],[139.757845,35.561798],[139.757802,35.561835],[139.757731,35.561871],[139.757643,35.561893],[139.757529,35.561895],[139.757418,35.561876],[139.757068,35.56171],[139.756474,35.561428],[139.756425,35.561394],[139.756392,35.561358],[139.75636,35.561316],[139.75634,35.56126],[139.756324,35.561197],[139.756182,35.560524],[139.756166,35.560439],[139.756161,35.560375],[139.756172,35.560318],[139.756202,35.560269],[139.756278,35.560171],[139.756698,35.559689],[139.756726,35.559645],[139.756739,35.559595],[139.756742,35.559547],[139.756742,35.55948],[139.756718,35.55942],[139.756679,35.55937],[139.756627,35.559324],[139.756215,35.559088],[139.756105,35.55905],[139.755873,35.559012],[139.755447,35.558941],[139.755398,35.558924],[139.754744,35.558558],[139.754685,35.558527],[139.754654,35.558496],[139.754628,35.558461],[139.754431,35.557824],[139.754346,35.55756],[139.754323,35.557497]]}},{"type":"Feature","properties":{"aeroway":"taxiway","ref":"T","surface":"asphalt"},"geometry":{"type":"LineString","coordinates":[[139.7605,35.552357],[139.760534,35.552394],[139.760603,35.552471],[139.760987,35.552925],[139.76145,35.553464],[139.761906,35.553995],[139.762196,35.554317],[139.762372,35.554533],[139.762448,35.554628],[139.762825,35.55507],[139.763147,35.555441],[139.763192,35.555492]]}},{"type":"Feature","properties":{"aeroway":"taxiway","ref":"N","surface":"asphalt"},"geometry":{"type":"LineString","coordinates":[[139.759418,35.555419],[139.759476,35.555488],[139.759514,35.555556],[139.759542,35.55563],[139.759552,35.555702]]}},{"type":"Feature","properties":{"aeroway":"taxiway","ref":"N","surface":"asphalt"},"geometry":{"type":"LineString","coordinates":[[139.756804,35.552382],[139.756753,35.552304],[139.756724,35.552253],[139.756708,35.552204],[139.756699,35.552153],[139.756695,35.552102],[139.756697,35.552051],[139.756705,35.552],[139.756719,35.551951],[139.756738,35.551902],[139.756763,35.551855],[139.756793,35.55181],[139.756829,35.551768],[139.756869,35.551729],[139.756913,35.55168]]}},{"type":"Feature","properties":{"aeroway":"taxiway","ref":"E10","surface":"asphalt"},"geometry":{"type":"LineString","coordinates":[[139.789875,35.55761],[139.789451,35.557406],[139.789387,35.557376],[139.789355,35.557362],[139.788923,35.557156],[139.788429,35.556927],[139.788404,35.556909],[139.78815,35.556794],[139.788021,35.556729],[139.787609,35.556536]]}},{"type":"Feature","properties":{"aeroway":"taxiway","ref":"T11","surface":"asphalt"},"geometry":{"type":"LineString","coordinates":[[139.772196,35.561736],[139.771767,35.561829],[139.771343,35.561925],[139.771257,35.561944],[139.770441,35.56212]]}},{"type":"Feature","properties":{"aeroway":"taxiway","surface":"asphalt"},"geometry":{"type":"LineString","coordinates":[[139.770441,35.56212],[139.770389,35.562126],[139.77034,35.562129],[139.770283,35.56213],[139.770222,35.562124],[139.770168,35.562116],[139.77011,35.562104],[139.770062,35.56209],[139.770004,35.56207],[139.769941,35.562038],[139.769882,35.562001],[139.769844,35.561971],[139.769803,35.561937]]}},{"type":"Feature","properties":{"aeroway":"taxiway","surface":"asphalt"},"geometry":{"type":"LineString","coordinates":[[139.767696,35.556494],[139.767736,35.55653],[139.767786,35.556562],[139.767833,35.556591],[139.767886,35.556616],[139.767943,35.556637],[139.768002,35.556653],[139.768063,35.556666],[139.768125,35.556673],[139.768193,35.556675],[139.768262,35.556674],[139.768327,35.556666],[139.768392,35.55665],[139.768451,35.556633],[139.768504,35.556612],[139.76856,35.556586]]}},{"type":"Feature","properties":{"aeroway":"taxiway","surface":"asphalt"},"geometry":{"type":"LineString","coordinates":[[139.76856,35.556586],[139.768502,35.556628],[139.76845,35.556672],[139.768404,35.55672],[139.768365,35.556772],[139.768333,35.556828],[139.768316,35.556872],[139.768302,35.556923],[139.768293,35.556972],[139.768291,35.557032],[139.768293,35.557084],[139.768306,35.557144],[139.768324,35.557196],[139.76835,35.557256],[139.768355,35.557268]]}},{"type":"Feature","properties":{"aeroway":"taxiway","surface":"asphalt"},"geometry":{"type":"LineString","coordinates":[[139.767543,35.55717],[139.767585,35.557133],[139.76763,35.557091],[139.767669,35.557044],[139.767704,35.556993],[139.76773,35.556944],[139.767747,35.556898],[139.767759,35.556854],[139.767765,35.556804],[139.76777,35.55674],[139.767761,35.556663],[139.767742,35.556594],[139.76772,35.556549],[139.767696,35.556494]]}},{"type":"Feature","properties":{"aeroway":"taxiway","surface":"asphalt"},"geometry":{"type":"LineString","coordinates":[[139.768355,35.557268],[139.768282,35.557215],[139.768233,35.557188],[139.76818,35.557163],[139.768126,35.557143],[139.768069,35.557127],[139.768011,35.557114],[139.767952,35.557106],[139.767892,35.557103],[139.767832,35.557103],[139.767772,35.557108],[139.767713,35.557118],[139.767655,35.557131],[139.767599,35.557148],[139.767543,35.55717]]}},{"type":"Feature","properties":{"aeroway":"taxiway","ref":"C8","surface":"asphalt"},"geometry":{"type":"LineString","coordinates":[[139.794314,35.55135],[139.794754,35.551571],[139.794794,35.551596],[139.794834,35.551627],[139.794868,35.55166],[139.794904,35.551698],[139.794939,35.551741],[139.794969,35.55179],[139.794992,35.551846],[139.79501,35.55191],[139.795014,35.551965]]}},{"type":"Feature","properties":{"aeroway":"taxiway","ref":"E8","surface":"asphalt"},"geometry":{"type":"LineString","coordinates":[[139.792212,35.550362],[139.792589,35.550539],[139.792709,35.550599],[139.792847,35.550659],[139.792861,35.550666],[139.79336,35.550904],[139.793806,35.551119],[139.79388,35.55115],[139.794314,35.55135]]}},{"type":"Feature","properties":{"aeroway":"taxiway","surface":"asphalt"},"geometry":{"type":"LineString","coordinates":[[139.79139,35.550536],[139.791459,35.550473],[139.791486,35.550453],[139.791535,35.550418],[139.791587,35.550386],[139.791662,35.550357],[139.791734,35.550333],[139.791814,35.550318],[139.791899,35.550312],[139.791995,35.550311],[139.79207,35.550322],[139.792212,35.550362]]}},{"type":"Feature","properties":{"aeroway":"taxiway","ref":"W1","surface":"asphalt"},"geometry":{"type":"LineString","coordinates":[[139.787942,35.537829],[139.788006,35.537863],[139.788052,35.537891],[139.788099,35.537929],[139.788145,35.537975],[139.788184,35.538029],[139.78821,35.538077],[139.788231,35.538133],[139.788242,35.538183],[139.788245,35.538237],[139.788239,35.538298],[139.788221,35.538363],[139.788192,35.538427]]}},{"type":"Feature","properties":{"aeroway":"apron"},"geometry":{"type":"Polygon","coordinates":[[[139.76978,35.565394],[139.771718,35.564276],[139.77479,35.567801],[139.774184,35.568131],[139.771921,35.567859],[139.76978,35.565394]]]}},{"type":"Feature","properties":{"aeroway":"taxiway","surface":"asphalt"},"geometry":{"type":"LineString","coordinates":[[139.800683,35.541494],[139.80074,35.541514],[139.800799,35.541532],[139.800861,35.541544],[139.800935,35.541552],[139.801011,35.541547],[139.80109,35.541537],[139.801164,35.541516],[139.801226,35.541491],[139.801289,35.541458],[139.801343,35.541417],[139.801392,35.541372]]}},{"type":"Feature","properties":{"aeroway":"taxiway","surface":"asphalt"},"geometry":{"type":"LineString","coordinates":[[139.801446,35.541301],[139.801426,35.541355],[139.801412,35.541398],[139.801398,35.541482],[139.801394,35.541533],[139.801402,35.541593],[139.801412,35.541646],[139.801428,35.541688],[139.801454,35.541739],[139.801487,35.541796],[139.801526,35.541847],[139.801581,35.541898],[139.801644,35.541942],[139.801719,35.541988]]}},{"type":"Feature","properties":{"aeroway":"taxiway","ref":"C7","surface":"asphalt"},"geometry":{"type":"LineString","coordinates":[[139.797136,35.547379],[139.797207,35.547412],[139.797272,35.547456],[139.797331,35.547505],[139.797366,35.547545],[139.797415,35.547612],[139.797446,35.547669],[139.797463,35.547717],[139.797477,35.547782],[139.797485,35.547842],[139.797482,35.548698],[139.797482,35.548875],[139.797481,35.548924],[139.797477,35.549146],[139.797463,35.549398],[139.797439,35.549624],[139.79739,35.549896],[139.797343,35.550103],[139.797285,35.550312],[139.797219,35.550504],[139.797135,35.550739],[139.797005,35.551022],[139.796771,35.551481]]}},{"type":"Feature","properties":{"aeroway":"taxiway","surface":"asphalt"},"geometry":{"type":"LineString","coordinates":[[139.780883,35.540714],[139.78084,35.540702],[139.7808,35.54069],[139.780731,35.540676],[139.780666,35.54067],[139.780586,35.540668],[139.780513,35.540673],[139.780442,35.540684],[139.780379,35.5407],[139.780306,35.540728],[139.780242,35.540758],[139.780182,35.540794],[139.78013,35.540837],[139.780071,35.540891]]}},{"type":"Feature","properties":{"aeroway":"taxiway","surface":"asphalt"},"geometry":{"type":"LineString","coordinates":[[139.780613,35.540119],[139.780594,35.540167],[139.780581,35.540209],[139.780571,35.54025],[139.780565,35.5403],[139.78057,35.540355],[139.78058,35.540401],[139.780594,35.540443],[139.780613,35.540489],[139.780643,35.540534],[139.780678,35.540574],[139.78072,35.540614],[139.780756,35.540644],[139.780798,35.540672]]}},{"type":"Feature","properties":{"aeroway":"taxiway","surface":"asphalt"},"geometry":{"type":"LineString","coordinates":[[139.779946,35.540268],[139.780033,35.54029],[139.780091,35.5403],[139.780162,35.540304],[139.780223,35.540302],[139.780275,35.540294],[139.780331,35.540284],[139.780374,35.540268],[139.780421,35.540252],[139.780462,35.540232],[139.780512,35.540204],[139.780565,35.540162],[139.780613,35.540119]]}},{"type":"Feature","properties":{"aeroway":"taxiway","surface":"asphalt"},"geometry":{"type":"LineString","coordinates":[[139.780105,35.540844],[139.780134,35.540784],[139.780155,35.540724],[139.780164,35.540676],[139.780163,35.540596],[139.780158,35.540563],[139.780147,35.540516],[139.780132,35.540476],[139.780112,35.540438],[139.780091,35.540407],[139.780063,35.54037],[139.780031,35.540336],[139.779992,35.540302],[139.779946,35.540268]]}},{"type":"Feature","properties":{"aeroway":"taxiway","surface":"asphalt"},"geometry":{"type":"LineString","coordinates":[[139.78594,35.541594],[139.78587,35.54166],[139.785815,35.541697],[139.785755,35.541729],[139.785685,35.541758],[139.785597,35.541775],[139.785524,35.541783],[139.785452,35.541784],[139.785387,35.541777],[139.78533,35.541766],[139.785321,35.541764],[139.785268,35.54175]]}},{"type":"Feature","properties":{"aeroway":"taxiway","surface":"asphalt"},"geometry":{"type":"LineString","coordinates":[[139.786199,35.542188],[139.786127,35.542132],[139.786075,35.542086],[139.786037,35.542042],[139.786004,35.542001],[139.785972,35.541945],[139.785951,35.541896],[139.78594,35.541847],[139.785932,35.541806],[139.785929,35.541759],[139.785933,35.541701],[139.785944,35.541643],[139.785963,35.541582],[139.785991,35.541522]]}},{"type":"Feature","properties":{"aeroway":"taxiway","surface":"asphalt"},"geometry":{"type":"LineString","coordinates":[[139.785157,35.541698],[139.785104,35.541658],[139.785057,35.541616],[139.785021,35.541576],[139.784984,35.541518],[139.784961,35.541464],[139.784942,35.541405],[139.784937,35.541348],[139.784938,35.541302],[139.784947,35.541252],[139.78496,35.541204],[139.784979,35.541152]]}},{"type":"Feature","properties":{"aeroway":"taxiway","surface":"asphalt"},"geometry":{"type":"LineString","coordinates":[[139.78502,35.54109],[139.784964,35.541139],[139.784901,35.541186],[139.784826,35.541227],[139.784752,35.541256],[139.784693,35.541275],[139.78463,35.541288],[139.784553,35.541298],[139.784487,35.541299],[139.784412,35.541295],[139.784331,35.541283],[139.784218,35.541255]]}},{"type":"Feature","properties":{"aeroway":"taxiway","surface":"asphalt"},"geometry":{"type":"LineString","coordinates":[[139.791283,35.534073],[139.791316,35.534024],[139.791356,35.533979],[139.791403,35.533939],[139.791469,35.533904],[139.791542,35.533873]]}},{"type":"Feature","properties":{"aeroway":"taxiway","ref":"A","surface":"asphalt"},"geometry":{"type":"LineString","coordinates":[[139.791104,35.534123],[139.791188,35.534043],[139.791286,35.533974],[139.791395,35.533917],[139.791542,35.533873],[139.791857,35.533782],[139.792079,35.533713],[139.792158,35.533697],[139.792242,35.533688],[139.792318,35.533688],[139.792402,35.533695],[139.792484,35.533711],[139.792538,35.53373],[139.792617,35.533761]]}},{"type":"Feature","properties":{"aeroway":"taxiway","ref":"A","surface":"asphalt"},"geometry":{"type":"LineString","coordinates":[[139.787488,35.537614],[139.787803,35.537317],[139.788357,35.536781],[139.791104,35.534123]]}},{"type":"Feature","properties":{"aeroway":"taxiway","surface":"asphalt"},"geometry":{"type":"LineString","coordinates":[[139.787078,35.53742],[139.787173,35.537445],[139.787238,35.537456],[139.787304,35.537462],[139.78737,35.537462],[139.787415,35.537459],[139.787436,35.537456],[139.7875,35.537446],[139.787564,35.53743],[139.787625,35.537409],[139.787683,35.537383],[139.787737,35.537353],[139.787803,35.537317]]}},{"type":"Feature","properties":{"aeroway":"taxiway","surface":"asphalt"},"geometry":{"type":"LineString","coordinates":[[139.785268,35.54175],[139.785309,35.541781],[139.785345,35.541808],[139.78538,35.541847],[139.785424,35.5419],[139.785456,35.541957],[139.785473,35.542001],[139.785483,35.542049],[139.785486,35.542106],[139.785485,35.542154],[139.78548,35.542195],[139.785451,35.542287]]}},{"type":"Feature","properties":{"aeroway":"taxiway","surface":"asphalt"},"geometry":{"type":"LineString","coordinates":[[139.78542,35.54234],[139.785462,35.542309],[139.785516,35.542267],[139.78556,35.542238],[139.785628,35.542206],[139.785701,35.54218],[139.785779,35.54216],[139.785861,35.542148],[139.785944,35.542146],[139.786036,35.542151],[139.78612,35.542168],[139.786199,35.542188]]}},{"type":"Feature","properties":{"aeroway":"taxiway","surface":"asphalt"},"geometry":{"type":"LineString","coordinates":[[139.785675,35.542984],[139.785603,35.542938],[139.785558,35.542906],[139.785519,35.542864],[139.785474,35.542815],[139.785444,35.542767],[139.785414,35.542709],[139.785392,35.542644],[139.785382,35.542589],[139.785375,35.542519],[139.78538,35.542466],[139.785396,35.542414],[139.78542,35.54234]]}},{"type":"Feature","properties":{"aeroway":"taxiway","surface":"asphalt"},"geometry":{"type":"LineString","coordinates":[[139.78542,35.54234],[139.785358,35.542404],[139.785308,35.54245],[139.78526,35.542482],[139.785201,35.54251],[139.785142,35.542535],[139.785077,35.542551],[139.785025,35.542561],[139.78496,35.542565],[139.784899,35.542565],[139.784844,35.542559],[139.784804,35.542554],[139.784768,35.542544],[139.784692,35.542518]]}},{"type":"Feature","properties":{"aeroway":"taxiway","surface":"asphalt"},"geometry":{"type":"LineString","coordinates":[[139.78484,35.543147],[139.784901,35.543091],[139.784959,35.54305],[139.785017,35.543015],[139.785075,35.542985],[139.785139,35.542962],[139.785211,35.542946],[139.785279,35.542932],[139.785365,35.542928],[139.785488,35.542933],[139.785579,35.542952],[139.785675,35.542984]]}},{"type":"Feature","properties":{"aeroway":"taxiway","surface":"asphalt"},"geometry":{"type":"LineString","coordinates":[[139.784896,35.543062],[139.784921,35.54299],[139.784933,35.542931],[139.784933,35.542869],[139.784921,35.542796],[139.784898,35.542731],[139.784859,35.542667],[139.784811,35.54261],[139.784755,35.542562],[139.784692,35.542518]]}},{"type":"Feature","properties":{"aeroway":"taxiway","surface":"asphalt"},"geometry":{"type":"LineString","coordinates":[[139.784424,35.541932],[139.784375,35.541977],[139.784331,35.54201],[139.784273,35.542045],[139.7842,35.542073],[139.78412,35.542094],[139.78404,35.542109],[139.783964,35.542111],[139.783896,35.542105],[139.783837,35.542095],[139.783766,35.542077]]}},{"type":"Feature","properties":{"aeroway":"taxiway","surface":"asphalt"},"geometry":{"type":"LineString","coordinates":[[139.784607,35.542478],[139.784549,35.542434],[139.784515,35.542408],[139.78447,35.542363],[139.784434,35.542305],[139.784409,35.542252],[139.78439,35.542194],[139.784384,35.542141],[139.784384,35.542079],[139.784391,35.542032],[139.784408,35.541981],[139.784424,35.541932]]}},{"type":"Feature","properties":{"aeroway":"taxiway","ref":"A8","surface":"asphalt"},"geometry":{"type":"LineString","coordinates":[[139.778992,35.549589],[139.779017,35.549541],[139.779037,35.549491],[139.779049,35.54944],[139.779055,35.549388],[139.779054,35.549336],[139.779057,35.548807],[139.779057,35.548759],[139.779058,35.54873],[139.779058,35.54854],[139.779057,35.547547],[139.779054,35.547487],[139.779054,35.547334],[139.779058,35.547169],[139.779087,35.547001],[139.779106,35.546832],[139.779131,35.546665],[139.779161,35.546498],[139.779197,35.546331],[139.779239,35.546166],[139.779304,35.545946],[139.779324,35.545886],[139.779379,35.545729],[139.779464,35.545514],[139.779558,35.545302],[139.77966,35.545099],[139.779756,35.544923]]}},{"type":"Feature","properties":{"aeroway":"taxiway","ref":"W6","surface":"asphalt"},"geometry":{"type":"LineString","coordinates":[[139.782292,35.545918],[139.782334,35.545946],[139.782346,35.545956],[139.782368,35.545974],[139.7824,35.546002],[139.782431,35.546036],[139.782461,35.546079],[139.782484,35.546118],[139.7825,35.546154],[139.782522,35.546224],[139.782528,35.546285],[139.782523,35.546351],[139.782506,35.546408],[139.78248,35.546479]]}},{"type":"Feature","properties":{"aeroway":"taxiway","ref":"W6","surface":"asphalt"},"geometry":{"type":"LineString","coordinates":[[139.782292,35.545918],[139.782338,35.545931],[139.78236,35.545936],[139.782394,35.545945],[139.782445,35.545952],[139.782491,35.545956],[139.782548,35.545956],[139.782608,35.545952],[139.782652,35.545945],[139.782705,35.545935],[139.782757,35.545916],[139.782801,35.545897],[139.782844,35.545875],[139.782891,35.545847],[139.782931,35.545816],[139.782978,35.545774]]}},{"type":"Feature","properties":{"aeroway":"taxiway","ref":"A6","surface":"asphalt"},"geometry":{"type":"LineString","coordinates":[[139.78112,35.545365],[139.781048,35.545347],[139.78098,35.545335],[139.780905,35.545329],[139.780832,35.545329],[139.780766,35.545334],[139.780705,35.545345],[139.780633,35.545361],[139.780539,35.545398]]}},{"type":"Feature","properties":{"aeroway":"taxiway","surface":"asphalt"},"geometry":{"type":"LineString","coordinates":[[139.783941,35.542617],[139.78401,35.542562],[139.784062,35.542526],[139.784102,35.542504],[139.78415,35.542483],[139.784202,35.542469],[139.784257,35.542454],[139.784323,35.542446],[139.784383,35.542444],[139.784452,35.542447],[139.784519,35.542456],[139.784607,35.542478]]}},{"type":"Feature","properties":{"aeroway":"taxiway","surface":"asphalt"},"geometry":{"type":"LineString","coordinates":[[139.784314,35.541299],[139.784386,35.541349],[139.784394,35.541358],[139.784442,35.541409],[139.78448,35.541466],[139.78451,35.541532],[139.784527,35.541601],[139.784531,35.541671],[139.784522,35.54174],[139.7845,35.541808],[139.784484,35.541846]]}},{"type":"Feature","properties":{"aeroway":"taxiway","surface":"asphalt"},"geometry":{"type":"LineString","coordinates":[[139.784484,35.541846],[139.784523,35.541813],[139.784561,35.541784],[139.784604,35.541756],[139.784671,35.541718],[139.784738,35.541691],[139.784817,35.541672],[139.784895,35.541662],[139.784967,35.541662],[139.785035,35.541669],[139.785089,35.541681],[139.785157,35.541698]]}},{"type":"Feature","properties":{"aeroway":"taxiway","surface":"asphalt"},"geometry":{"type":"LineString","coordinates":[[139.780834,35.541796],[139.78084,35.540702],[139.78084,35.540693],[139.780844,35.539992],[139.780839,35.539918],[139.780836,35.53988],[139.780806,35.539782],[139.780744,35.539671],[139.780626,35.539559],[139.780471,35.539476]]}},{"type":"Feature","properties":{"aeroway":"taxiway","surface":"asphalt"},"geometry":{"type":"LineString","coordinates":[[139.780659,35.540055],[139.78074,35.539976],[139.780802,35.539936],[139.780839,35.539918],[139.780862,35.539906],[139.780924,35.539886],[139.780985,35.539868],[139.78105,35.539856],[139.781136,35.539852],[139.781192,35.539858],[139.781266,35.539868],[139.781347,35.539891]]}},{"type":"Feature","properties":{"aeroway":"taxiway","ref":"A5","surface":"asphalt"},"geometry":{"type":"LineString","coordinates":[[139.782951,35.542],[139.782618,35.542164],[139.782391,35.542284],[139.782075,35.542476],[139.781676,35.542747],[139.781455,35.542914],[139.781426,35.54294],[139.781257,35.543084],[139.78093,35.543384],[139.780603,35.543729]]}},{"type":"Feature","properties":{"aeroway":"taxiway","surface":"asphalt"},"geometry":{"type":"LineString","coordinates":[[139.783872,35.542714],[139.78391,35.542627],[139.783925,35.542581],[139.783935,35.542534],[139.783936,35.542477],[139.783935,35.542438],[139.783929,35.54239],[139.783915,35.542336],[139.783896,35.542283],[139.783874,35.542241],[139.783847,35.542198],[139.783817,35.54216],[139.783781,35.542121],[139.783723,35.542071],[139.78366,35.542029]]}},{"type":"Feature","properties":{"aeroway":"taxiway","ref":"H1","surface":"asphalt"},"geometry":{"type":"LineString","coordinates":[[139.788595,35.543328],[139.788701,35.543408],[139.788739,35.54345],[139.788776,35.543502],[139.788801,35.543554],[139.78882,35.543613],[139.788829,35.543665],[139.78883,35.543718],[139.788821,35.543763],[139.78881,35.543808],[139.788788,35.543862],[139.788754,35.543921],[139.788711,35.543975],[139.788662,35.544018],[139.788606,35.544056],[139.788556,35.544085],[139.788492,35.544112],[139.78843,35.544128],[139.788351,35.544144],[139.788279,35.544146],[139.788201,35.544143],[139.788134,35.544131],[139.788057,35.544111]]}},{"type":"Feature","properties":{"aeroway":"taxiway","surface":"asphalt"},"geometry":{"type":"LineString","coordinates":[[139.796704,35.547176],[139.796792,35.547198],[139.796868,35.547211],[139.796942,35.547214],[139.797014,35.547211],[139.797089,35.547196],[139.797152,35.547178],[139.797221,35.547146],[139.797276,35.547119],[139.797326,35.547078],[139.797372,35.547036]]}},{"type":"Feature","properties":{"aeroway":"taxiway","ref":"H2","surface":"asphalt"},"geometry":{"type":"LineString","coordinates":[[139.792047,35.546003],[139.792119,35.54602],[139.792203,35.546033],[139.792286,35.546033],[139.792362,35.546026],[139.792432,35.546011],[139.792511,35.545987],[139.79257,35.545957],[139.792632,35.545915],[139.792678,35.545873],[139.792734,35.54581],[139.792775,35.545739],[139.792798,35.545687],[139.79281,35.545623],[139.79281,35.545564],[139.792802,35.545501],[139.79278,35.545441],[139.792747,35.545377],[139.792703,35.545322],[139.792648,35.545263],[139.792575,35.545214]]}},{"type":"Feature","properties":{"aeroway":"taxiway","surface":"asphalt"},"geometry":{"type":"LineString","coordinates":[[139.79375,35.546227],[139.7938,35.546186],[139.79385,35.546148],[139.79391,35.546113],[139.793986,35.546082],[139.794058,35.546063],[139.794127,35.546052],[139.794192,35.546049],[139.794261,35.546052],[139.794322,35.546059],[139.794402,35.546081]]}},{"type":"Feature","properties":{"aeroway":"taxiway","surface":"asphalt"},"geometry":{"type":"LineString","coordinates":[[139.79375,35.546227],[139.793764,35.546184],[139.793775,35.546154],[139.793786,35.546093],[139.793787,35.546033],[139.793784,35.545986],[139.793774,35.545942],[139.793752,35.545884],[139.793722,35.54583],[139.793683,35.545779],[139.793636,35.545733],[139.793576,35.545687]]}},{"type":"Feature","properties":{"aeroway":"taxiway","ref":"H2","surface":"asphalt"},"geometry":{"type":"LineString","coordinates":[[139.793414,35.545609],[139.793345,35.545594],[139.793266,35.545584],[139.793189,35.545585],[139.793104,35.545591],[139.793012,35.545614],[139.792936,35.545645],[139.792876,35.545676],[139.79282,35.545717],[139.792783,35.545748],[139.792734,35.54581],[139.792699,35.545874],[139.792675,35.545928],[139.792662,35.545985],[139.79266,35.546057],[139.792668,35.546123],[139.79269,35.54619],[139.792725,35.546254],[139.792766,35.546301],[139.792816,35.546351],[139.792871,35.546397]]}},{"type":"Feature","properties":{"aeroway":"taxiway","ref":"C","surface":"asphalt"},"geometry":{"type":"LineString","coordinates":[[139.784287,35.565375],[139.784368,35.565305],[139.784449,35.565241],[139.784511,35.565161],[139.784571,35.565083]]}},{"type":"Feature","properties":{"aeroway":"taxiway","surface":"asphalt"},"geometry":{"type":"LineString","coordinates":[[139.786533,35.565189],[139.786265,35.56557]]}},{"type":"Feature","properties":{"aeroway":"taxiway","surface":"asphalt"},"geometry":{"type":"LineString","coordinates":[[139.786361,35.564604],[139.786411,35.56464],[139.786436,35.564661],[139.786482,35.564703],[139.786516,35.564743],[139.786552,35.564795],[139.78657,35.564849],[139.786585,35.564904],[139.786595,35.564964],[139.786594,35.565021],[139.786582,35.565084],[139.786558,35.565138],[139.786533,35.565189]]}},{"type":"Feature","properties":{"aeroway":"taxiway","ref":"C11","surface":"asphalt"},"geometry":{"type":"LineString","coordinates":[[139.791081,35.559506],[139.790641,35.559994],[139.790418,35.560209],[139.79039,35.560236],[139.79013,35.560467],[139.789951,35.560605],[139.789664,35.560811],[139.789389,35.56099],[139.789159,35.561121],[139.788827,35.5613],[139.788649,35.561379],[139.788623,35.561391]]}},{"type":"Feature","properties":{"aeroway":"taxiway","ref":"C12","surface":"asphalt"},"geometry":{"type":"LineString","coordinates":[[139.789575,35.561622],[139.789508,35.561681],[139.78944,35.561726],[139.789366,35.561765],[139.789286,35.561795],[139.789202,35.561816],[139.789116,35.561828],[139.789028,35.56183],[139.788941,35.561824],[139.788855,35.561807],[139.788773,35.561782]]}},{"type":"Feature","properties":{"aeroway":"taxiway","surface":"asphalt"},"geometry":{"type":"LineString","coordinates":[[139.786184,35.561016],[139.786236,35.560966],[139.786297,35.560922],[139.786365,35.560887],[139.78643,35.560863],[139.786496,35.560845],[139.786559,35.560838],[139.786621,35.560836],[139.786703,35.560839],[139.786771,35.560852],[139.786827,35.560867],[139.786866,35.560879]]}},{"type":"Feature","properties":{"aeroway":"taxiway","surface":"asphalt"},"geometry":{"type":"LineString","coordinates":[[139.786663,35.560337],[139.786643,35.560388],[139.786635,35.560436],[139.786631,35.560492],[139.786629,35.560544],[139.786635,35.560589],[139.786651,35.560633],[139.786671,35.560685],[139.786696,35.560728],[139.786736,35.560778],[139.786781,35.560819],[139.786826,35.560852],[139.786866,35.560879]]}},{"type":"Feature","properties":{"aeroway":"taxiway","ref":"C10","surface":"asphalt"},"geometry":{"type":"LineString","coordinates":[[139.788932,35.558944],[139.788985,35.558897],[139.789044,35.558855],[139.789108,35.558817],[139.789174,35.558783],[139.789244,35.558754],[139.790906,35.557978],[139.791042,35.557913]]}},{"type":"Feature","properties":{"aeroway":"taxiway","ref":"C10","surface":"asphalt"},"geometry":{"type":"LineString","coordinates":[[139.791042,35.557913],[139.790962,35.557933],[139.790898,35.557947],[139.790798,35.557951],[139.790722,35.557948],[139.790636,35.557938],[139.790556,35.557918],[139.790462,35.557885],[139.790393,35.557851]]}},{"type":"Feature","properties":{"aeroway":"taxiway","ref":"C6","surface":"asphalt"},"geometry":{"type":"LineString","coordinates":[[139.798992,35.5459],[139.799015,35.545917],[139.799078,35.545961],[139.799136,35.54601],[139.799177,35.546054],[139.799212,35.546107],[139.799242,35.546166],[139.799268,35.54623],[139.799278,35.546295],[139.799282,35.546384],[139.799282,35.546396],[139.799279,35.546618],[139.799268,35.546866],[139.79923,35.547147],[139.799175,35.547424],[139.799117,35.547661],[139.798998,35.548028],[139.798856,35.548392],[139.798681,35.548785]]}},{"type":"Feature","properties":{"aeroway":"taxiway","ref":"P4","surface":"asphalt"},"geometry":{"type":"LineString","coordinates":[[139.77989,35.540241],[139.779822,35.540201],[139.779789,35.540182],[139.779746,35.540144],[139.7797,35.540099],[139.779664,35.540043],[139.779637,35.539983],[139.779617,35.539917],[139.779612,35.539853],[139.779616,35.539802],[139.779629,35.539749],[139.779644,35.539704],[139.779671,35.539648]]}},{"type":"Feature","properties":{"aeroway":"taxiway","surface":"asphalt"},"geometry":{"type":"LineString","coordinates":[[139.783113,35.540192],[139.78309,35.540242],[139.783076,35.540296],[139.783068,35.54035],[139.783068,35.540404],[139.783073,35.540459],[139.783086,35.540512],[139.783104,35.540564],[139.783129,35.540615],[139.783159,35.540664],[139.783196,35.540709],[139.783237,35.540752],[139.783284,35.540791],[139.783333,35.540829]]}},{"type":"Feature","properties":{"aeroway":"taxiway","surface":"asphalt"},"geometry":{"type":"LineString","coordinates":[[139.78256,35.540971],[139.782541,35.541023],[139.782527,35.541076],[139.78252,35.541131],[139.782518,35.541185],[139.782524,35.54124],[139.782536,35.541293],[139.782554,35.541346],[139.782578,35.541397],[139.782608,35.541446],[139.782643,35.541492],[139.782684,35.541535],[139.78273,35.541575],[139.782791,35.541619]]}},{"type":"Feature","properties":{"aeroway":"taxiway","surface":"asphalt"},"geometry":{"type":"LineString","coordinates":[[139.782005,35.541753],[139.782066,35.541703],[139.782118,35.541672],[139.782162,35.541651],[139.78225,35.541618],[139.782318,35.541596],[139.78239,35.54158],[139.782461,35.541572],[139.782526,35.54157],[139.78258,35.541572],[139.782646,35.54158],[139.782716,35.541596],[139.782791,35.541619]]}},{"type":"Feature","properties":{"aeroway":"taxiway","surface":"asphalt"},"geometry":{"type":"LineString","coordinates":[[139.781735,35.541116],[139.781806,35.54116],[139.781869,35.541211],[139.781924,35.541268],[139.781968,35.541331],[139.781999,35.541389],[139.782014,35.541444],[139.782028,35.541505],[139.782035,35.541579],[139.782033,35.541639],[139.782028,35.541683],[139.782005,35.541753]]}},{"type":"Feature","properties":{"aeroway":"taxiway","surface":"asphalt"},"geometry":{"type":"LineString","coordinates":[[139.78256,35.540971],[139.782503,35.54103],[139.782444,35.541072],[139.782371,35.541106],[139.78228,35.541133],[139.782181,35.541158],[139.7821,35.541169],[139.782026,35.541174],[139.781968,35.54117],[139.781892,35.54116],[139.781799,35.541147]]}},{"type":"Feature","properties":{"aeroway":"taxiway","surface":"asphalt"},"geometry":{"type":"LineString","coordinates":[[139.78256,35.540971],[139.782623,35.540925],[139.782684,35.540886],[139.782749,35.540858],[139.782847,35.540822],[139.782941,35.540803],[139.783037,35.540795],[139.783122,35.540796],[139.783217,35.540806],[139.783302,35.54083],[139.783412,35.54087]]}},{"type":"Feature","properties":{"aeroway":"taxiway","surface":"asphalt"},"geometry":{"type":"LineString","coordinates":[[139.796158,35.547955],[139.796222,35.548002],[139.796262,35.548039],[139.796295,35.548078],[139.796324,35.548117],[139.796353,35.548174],[139.796371,35.548231],[139.796384,35.5483],[139.796382,35.548364],[139.796368,35.548427],[139.796339,35.548507]]}},{"type":"Feature","properties":{"aeroway":"taxiway","surface":"asphalt"},"geometry":{"type":"LineString","coordinates":[[139.796158,35.547955],[139.796215,35.547972],[139.796275,35.547984],[139.796356,35.54799],[139.796442,35.547989],[139.796512,35.54798],[139.796594,35.547956],[139.796665,35.547926],[139.796726,35.547893],[139.796782,35.547851],[139.796835,35.5478]]}},{"type":"Feature","properties":{"aeroway":"taxiway","surface":"asphalt"},"geometry":{"type":"LineString","coordinates":[[139.796882,35.547733],[139.796909,35.547671],[139.796924,35.547626],[139.796931,35.547578],[139.796933,35.547515],[139.796925,35.547461],[139.79691,35.547405],[139.796882,35.547354],[139.796852,35.547307],[139.796816,35.547264],[139.796765,35.547219],[139.796704,35.547176]]}},{"type":"Feature","properties":{"aeroway":"taxiway","surface":"asphalt"},"geometry":{"type":"LineString","coordinates":[[139.79589,35.547351],[139.795851,35.547435],[139.795841,35.547496],[139.795839,35.547566],[139.795844,35.547621],[139.795865,35.547684],[139.795896,35.547744],[139.795938,35.547799],[139.795989,35.547849],[139.796034,35.547886],[139.796072,35.547913]]}},{"type":"Feature","properties":{"aeroway":"taxiway","surface":"asphalt"},"geometry":{"type":"LineString","coordinates":[[139.79589,35.547351],[139.795832,35.547405],[139.795762,35.547452],[139.795692,35.547487],[139.795613,35.547516],[139.795539,35.54753],[139.795453,35.547538],[139.795376,35.547538],[139.795301,35.547526],[139.795228,35.547507],[139.795184,35.547494]]}},{"type":"Feature","properties":{"aeroway":"taxiway","surface":"asphalt"},"geometry":{"type":"LineString","coordinates":[[139.791782,35.553124],[139.791841,35.553069],[139.791911,35.553018],[139.791959,35.552997],[139.792023,35.552971],[139.792084,35.552955],[139.792151,35.552942],[139.792226,35.552936],[139.792302,35.552941],[139.792353,35.552947],[139.79241,35.55296],[139.792468,35.552977]]}},{"type":"Feature","properties":{"aeroway":"taxiway","surface":"asphalt"},"geometry":{"type":"LineString","coordinates":[[139.792274,35.55244],[139.792253,35.552506],[139.79224,35.552549],[139.792236,35.552601],[139.792236,35.552652],[139.792244,35.552693],[139.792259,35.552734],[139.792283,35.552788],[139.79231,35.552831],[139.792344,35.552876],[139.792382,35.552914],[139.792427,35.552948],[139.792468,35.552977]]}},{"type":"Feature","properties":{"aeroway":"taxiway","surface":"asphalt"},"geometry":{"type":"LineString","coordinates":[[139.791419,35.555438],[139.791446,35.555374],[139.79146,35.555316],[139.791465,35.555258],[139.791461,35.555199],[139.791447,35.555141],[139.791424,35.555086],[139.791393,35.555033],[139.791353,35.554984],[139.791306,35.554939],[139.79127,35.554913],[139.791231,35.554888]]}},{"type":"Feature","properties":{"aeroway":"taxiway","surface":"asphalt"},"geometry":{"type":"LineString","coordinates":[[139.791912,35.554744],[139.791847,35.5548],[139.791783,35.554844],[139.791715,35.554877],[139.791644,35.554899],[139.791568,35.554916],[139.791489,35.554921],[139.791406,35.554921],[139.79133,35.55491],[139.791282,35.554899],[139.791231,35.554888]]}},{"type":"Feature","properties":{"aeroway":"taxiway","ref":"C9","surface":"asphalt"},"geometry":{"type":"LineString","coordinates":[[139.795795,35.55286],[139.795382,35.553351],[139.795233,35.553517],[139.795075,35.553674],[139.794941,35.5538],[139.794764,35.553952],[139.794611,35.554074],[139.794477,35.554177],[139.794289,35.554313],[139.794127,35.554421],[139.793867,35.554579],[139.79364,35.554708],[139.793412,35.554825],[139.793248,35.554897],[139.793207,35.554915],[139.792892,35.555065],[139.792838,35.555092]]}},{"type":"Feature","properties":{"aeroway":"taxiway","surface":"asphalt"},"geometry":{"type":"LineString","coordinates":[[139.773174,35.543162],[139.773132,35.542827],[139.7731,35.54257],[139.773061,35.54226],[139.773045,35.542131]]}},{"type":"Feature","properties":{"aeroway":"taxiway","surface":"asphalt"},"geometry":{"type":"LineString","coordinates":[[139.773835,35.543568],[139.773628,35.543468],[139.773466,35.543399],[139.773411,35.543373],[139.773361,35.543351],[139.773314,35.54332],[139.773271,35.543285],[139.773233,35.543247],[139.7732,35.543206],[139.773174,35.543162]]}},{"type":"Feature","properties":{"aeroway":"taxiway","surface":"asphalt"},"geometry":{"type":"LineString","coordinates":[[139.77305,35.543722],[139.773087,35.543668],[139.773127,35.543611],[139.773159,35.543551],[139.773183,35.543488],[139.773198,35.543423],[139.773205,35.543357],[139.773204,35.543322],[139.773203,35.543292],[139.773192,35.543226],[139.773174,35.543162]]}},{"type":"Feature","properties":{"aeroway":"taxiway","ref":"P8","surface":"asphalt"},"geometry":{"type":"LineString","coordinates":[[139.776626,35.544888],[139.776588,35.54487],[139.776555,35.544855],[139.776124,35.544651],[139.775615,35.544409],[139.775529,35.544368],[139.775076,35.544154],[139.774346,35.543808],[139.773835,35.543568]]}},{"type":"Feature","properties":{"aeroway":"taxiway","ref":"V","surface":"asphalt"},"geometry":{"type":"LineString","coordinates":[[139.771604,35.545754],[139.771492,35.545916],[139.77144,35.545989],[139.771204,35.54632],[139.771161,35.546382],[139.77111,35.54645],[139.77095,35.546679],[139.770905,35.546744],[139.770748,35.546964],[139.77036,35.547508],[139.770344,35.547529],[139.769949,35.54808]]}},{"type":"Feature","properties":{"aeroway":"taxiway","ref":"P10","surface":"asphalt"},"geometry":{"type":"LineString","coordinates":[[139.774871,35.549179],[139.774357,35.548933],[139.773924,35.548725],[139.773839,35.548684],[139.773404,35.548479],[139.772892,35.548236]]}},{"type":"Feature","properties":{"aeroway":"taxiway","surface":"asphalt"},"geometry":{"type":"LineString","coordinates":[[139.771131,35.5474],[139.771061,35.547377],[139.770988,35.54736],[139.770913,35.54735],[139.770838,35.547347],[139.770762,35.547351],[139.770687,35.547361],[139.770615,35.547378],[139.770545,35.547402],[139.770478,35.547432],[139.770416,35.547467],[139.77036,35.547508]]}},{"type":"Feature","properties":{"aeroway":"taxiway","ref":"U4","surface":"asphalt"},"geometry":{"type":"LineString","coordinates":[[139.766312,35.549785],[139.766379,35.54972],[139.766446,35.54967],[139.766512,35.549634],[139.766586,35.549603],[139.766658,35.549578],[139.766736,35.549563],[139.76683,35.549556],[139.766931,35.549555],[139.767047,35.549571],[139.767156,35.549604]]}},{"type":"Feature","properties":{"aeroway":"taxiway","ref":"U4","surface":"asphalt"},"geometry":{"type":"LineString","coordinates":[[139.766016,35.550202],[139.765986,35.550273],[139.765982,35.550282],[139.76596,35.550345],[139.765953,35.550419],[139.765952,35.550494],[139.765957,35.550679],[139.765967,35.550741],[139.76598,35.550795],[139.766,35.550848],[139.766026,35.550899],[139.766058,35.550948],[139.766096,35.550994],[139.766139,35.551037],[139.766187,35.551076],[139.766239,35.551111]]}},{"type":"Feature","properties":{"aeroway":"taxiway","surface":"asphalt"},"geometry":{"type":"LineString","coordinates":[[139.765972,35.551523],[139.765963,35.55145],[139.765957,35.551416],[139.765944,35.551371],[139.765922,35.551321],[139.765897,35.551276],[139.765872,35.551233]]}},{"type":"Feature","properties":{"aeroway":"taxiway","surface":"asphalt"},"geometry":{"type":"LineString","coordinates":[[139.76601,35.552495],[139.765984,35.55237],[139.765977,35.551888],[139.765972,35.551523],[139.765968,35.551347]]}},{"type":"Feature","properties":{"aeroway":"taxiway","surface":"asphalt"},"geometry":{"type":"LineString","coordinates":[[139.765977,35.551888],[139.765989,35.551822],[139.765999,35.551775],[139.766017,35.551728],[139.766055,35.551663],[139.766109,35.551594],[139.766146,35.551555],[139.766206,35.551505],[139.766268,35.551467],[139.766337,35.551433],[139.766416,35.551406],[139.766501,35.551388],[139.766588,35.551378],[139.766666,35.551378],[139.766749,35.551385],[139.766811,35.551395],[139.766903,35.551417]]}},{"type":"Feature","properties":{"aeroway":"taxiway","surface":"asphalt"},"geometry":{"type":"LineString","coordinates":[[139.772834,35.558269],[139.772862,35.558206],[139.772876,35.558172],[139.772889,35.558124],[139.772897,35.558075],[139.7729,35.558026],[139.772898,35.557978],[139.772892,35.557929],[139.77288,35.557881],[139.772866,35.557842],[139.772845,35.557802],[139.772804,35.55774]]}},{"type":"Feature","properties":{"aeroway":"taxiway","ref":"A12","surface":"asphalt"},"geometry":{"type":"LineString","coordinates":[[139.773458,35.557384],[139.773474,35.557344],[139.773495,35.557299],[139.773498,35.557285],[139.773509,35.557242],[139.773518,35.557172],[139.773522,35.555859],[139.773522,35.555593],[139.773523,35.555362],[139.773523,35.55534]]}},{"type":"Feature","properties":{"aeroway":"taxiway","ref":"U4","surface":"asphalt"},"geometry":{"type":"LineString","coordinates":[[139.766312,35.549785],[139.76634,35.549709],[139.76636,35.549651],[139.76637,35.549583],[139.766368,35.549535],[139.766362,35.549472],[139.766342,35.549403],[139.766306,35.549324],[139.76628,35.549286],[139.766256,35.549249],[139.76621,35.5492],[139.766143,35.549142],[139.76607,35.549087]]}},{"type":"Feature","properties":{"aeroway":"taxiway","ref":"B4","surface":"asphalt"},"geometry":{"type":"LineString","coordinates":[[139.765442,35.553868],[139.765324,35.553669],[139.765276,35.553594],[139.765229,35.553519],[139.765147,35.553371],[139.765072,35.553241],[139.765007,35.553102],[139.764938,35.552951],[139.764877,35.552808],[139.764833,35.552684],[139.764786,35.552529],[139.764738,35.552364],[139.764649,35.551986],[139.764519,35.551415]]}},{"type":"Feature","properties":{"aeroway":"taxiway","surface":"asphalt"},"geometry":{"type":"LineString","coordinates":[[139.763377,35.549181],[139.763456,35.549135],[139.763867,35.548901],[139.76428,35.548659],[139.764386,35.548597]]}},{"type":"Feature","properties":{"aeroway":"taxiway","ref":"U4","surface":"asphalt"},"geometry":{"type":"LineString","coordinates":[[139.765233,35.550678],[139.765295,35.55068],[139.765351,35.55068],[139.765393,35.550678],[139.765449,35.550668],[139.765498,35.550655],[139.765553,35.550636],[139.765604,35.550618],[139.765668,35.550588],[139.765719,35.550557],[139.765762,35.550526],[139.765808,35.550484],[139.765847,35.550439],[139.765965,35.550274],[139.766016,35.550202],[139.766312,35.549785]]}},{"type":"Feature","properties":{"aeroway":"taxiway","surface":"asphalt"},"geometry":{"type":"LineString","coordinates":[[139.765393,35.550678],[139.765461,35.550727],[139.765515,35.550763],[139.765599,35.550814],[139.765655,35.550858],[139.765736,35.550955],[139.765772,35.551015],[139.765787,35.551051],[139.765794,35.551076],[139.765804,35.551108],[139.765817,35.551139],[139.76584,35.551183],[139.765872,35.551233]]}},{"type":"Feature","properties":{"aeroway":"taxiway","surface":"asphalt"},"geometry":{"type":"LineString","coordinates":[[139.769438,35.55586],[139.769469,35.555803],[139.769488,35.555748],[139.769498,35.555698],[139.769502,35.55565],[139.769502,35.555589],[139.769494,35.555539],[139.769478,35.555488],[139.769452,35.555429],[139.769416,35.555365]]}},{"type":"Feature","properties":{"aeroway":"taxiway","ref":"A14","surface":"asphalt"},"geometry":{"type":"LineString","coordinates":[[139.772472,35.557359],[139.772557,35.557418],[139.77263,35.55746],[139.772709,35.557493],[139.772793,35.557517],[139.77288,35.557532],[139.772969,35.557536],[139.773058,35.557532],[139.773145,35.557517],[139.773229,35.557494],[139.773308,35.557461],[139.773382,35.55742],[139.773474,35.557344],[139.773502,35.557312]]}},{"type":"Feature","properties":{"aeroway":"taxiway","surface":"asphalt"},"geometry":{"type":"LineString","coordinates":[[139.770499,35.557959],[139.770546,35.557905],[139.770598,35.557854],[139.770658,35.55781],[139.770725,35.557772],[139.770796,35.557741],[139.770872,35.557717],[139.770951,35.557701],[139.771031,35.557693],[139.771112,35.557693],[139.771193,35.557702],[139.771272,35.557719],[139.771347,35.557743],[139.771418,35.557775],[139.771484,35.557814],[139.771568,35.557874]]}},{"type":"Feature","properties":{"aeroway":"taxiway","ref":"B7","surface":"asphalt"},"geometry":{"type":"LineString","coordinates":[[139.769091,35.556276],[139.769143,35.556237],[139.769175,35.556209],[139.769216,35.55617],[139.769438,35.55586],[139.769622,35.555606]]}},{"type":"Feature","properties":{"aeroway":"taxiway","surface":"asphalt"},"geometry":{"type":"LineString","coordinates":[[139.773176,35.557789],[139.773156,35.55783],[139.77314,35.557872],[139.77313,35.557914],[139.773126,35.557958],[139.773127,35.558002],[139.773134,35.558045],[139.773146,35.558087],[139.773158,35.558126],[139.773188,35.558186]]}},{"type":"Feature","properties":{"aeroway":"taxiway","surface":"asphalt"},"geometry":{"type":"LineString","coordinates":[[139.773253,35.558267],[139.773295,35.558299],[139.773341,35.558331],[139.773394,35.558361],[139.773451,35.558386],[139.773511,35.558403],[139.773523,35.558407],[139.773579,35.558419],[139.773631,35.558423],[139.773691,35.558425],[139.773755,35.558422],[139.773805,35.558414],[139.773858,35.558404],[139.773905,35.558385],[139.773969,35.558357],[139.774026,35.558322],[139.774068,35.55829],[139.774115,35.558255],[139.774151,35.558218]]}},{"type":"Feature","properties":{"aeroway":"taxiway","ref":"R1","surface":"asphalt"},"geometry":{"type":"LineString","coordinates":[[139.778736,35.553669],[139.778808,35.553567],[139.779088,35.553178],[139.77924,35.552964]]}},{"type":"Feature","properties":{"aeroway":"taxiway","ref":"R1","surface":"asphalt"},"geometry":{"type":"LineString","coordinates":[[139.77924,35.552964],[139.77932,35.552883],[139.779379,35.552841],[139.779442,35.552809],[139.779504,35.552785],[139.779564,35.552767],[139.779628,35.552756],[139.779707,35.552752],[139.779778,35.552755],[139.779837,35.552764],[139.779922,35.552786]]}},{"type":"Feature","properties":{"aeroway":"taxiway","surface":"asphalt"},"geometry":{"type":"LineString","coordinates":[[139.778228,35.552466],[139.778281,35.552412],[139.778322,35.552378],[139.778363,35.552352],[139.77841,35.552324],[139.778482,35.552294],[139.778546,35.552276],[139.77861,35.552269],[139.778693,35.552262],[139.778758,35.552266],[139.778828,35.552278],[139.778935,35.552312]]}},{"type":"Feature","properties":{"aeroway":"taxiway","surface":"asphalt"},"geometry":{"type":"LineString","coordinates":[[139.778935,35.552312],[139.778872,35.552274],[139.778815,35.552234],[139.778773,35.552185],[139.778746,35.552139],[139.778715,35.552082],[139.778698,35.552035],[139.77869,35.551999],[139.778685,35.551953],[139.778687,35.551894],[139.7787,35.55184],[139.778724,35.551763]]}},{"type":"Feature","properties":{"aeroway":"taxiway","surface":"asphalt"},"geometry":{"type":"LineString","coordinates":[[139.777924,35.553716],[139.77786,35.553674],[139.777823,35.553644],[139.777778,35.553593],[139.777749,35.553554],[139.777718,35.553495],[139.777698,35.553431],[139.777689,35.553365],[139.777693,35.553298],[139.777703,35.553243],[139.777731,35.553164]]}},{"type":"Feature","properties":{"aeroway":"taxiway","surface":"asphalt"},"geometry":{"type":"LineString","coordinates":[[139.77765,35.552337],[139.777584,35.552311],[139.777523,35.552296],[139.777464,35.552287],[139.777398,35.552284],[139.777336,35.552287],[139.777279,35.552295],[139.777219,35.552307],[139.777161,35.552329],[139.777107,35.552352],[139.777063,35.552377],[139.777022,35.552404],[139.776987,35.552434],[139.776939,35.552484]]}},{"type":"Feature","properties":{"aeroway":"taxiway","surface":"asphalt"},"geometry":{"type":"LineString","coordinates":[[139.77765,35.552337],[139.777574,35.55229],[139.777545,35.552266],[139.777508,35.552227],[139.77747,35.552178],[139.777438,35.552128],[139.777415,35.552066],[139.7774,35.552013],[139.777399,35.551958],[139.777401,35.551908],[139.777411,35.55186],[139.777424,35.551819],[139.777444,35.551768]]}},{"type":"Feature","properties":{"aeroway":"taxiway","surface":"asphalt"},"geometry":{"type":"LineString","coordinates":[[139.776948,35.553254],[139.776886,35.553207],[139.77684,35.55316],[139.776802,35.553109],[139.776771,35.553055],[139.776745,35.552989],[139.776735,35.55293],[139.776737,35.55287],[139.776744,35.552815],[139.776755,35.552767],[139.776781,35.552708]]}},{"type":"Feature","properties":{"aeroway":"taxiway","surface":"asphalt"},"geometry":{"type":"LineString","coordinates":[[139.777256,35.553841],[139.77728,35.55377],[139.777285,35.553708],[139.777285,35.553638],[139.777271,35.553577],[139.77725,35.553512],[139.777221,35.553463],[139.77718,35.553408],[139.777126,35.553357],[139.777102,35.55334],[139.77706,35.553309]]}},{"type":"Feature","properties":{"aeroway":"taxiway","surface":"asphalt"},"geometry":{"type":"LineString","coordinates":[[139.777924,35.553716],[139.777857,35.553695],[139.777788,35.55368],[139.777717,35.553674],[139.777645,35.553674],[139.777575,35.553682],[139.777506,35.553697],[139.777445,35.553716],[139.777377,35.553748],[139.777314,35.55379],[139.777256,35.553841]]}},{"type":"Feature","properties":{"aeroway":"taxiway","ref":"R1","surface":"asphalt"},"geometry":{"type":"LineString","coordinates":[[139.77924,35.552964],[139.779285,35.552878],[139.779298,35.552834],[139.779305,35.552774],[139.779302,35.552727],[139.779296,35.552679],[139.779283,35.552623],[139.779256,35.552569],[139.779224,35.552518],[139.779187,35.552473],[139.779139,35.552429],[139.77909,35.552388]]}},{"type":"Feature","properties":{"aeroway":"taxiway","ref":"W11","surface":"asphalt"},"geometry":{"type":"LineString","coordinates":[[139.776534,35.553055],[139.776561,35.553068],[139.776948,35.553254],[139.77706,35.553309],[139.777108,35.553332],[139.777485,35.553509],[139.777924,35.553716],[139.778036,35.553773]]}},{"type":"Feature","properties":{"aeroway":"taxiway","ref":"M1","surface":"asphalt"},"geometry":{"type":"LineString","coordinates":[[139.780252,35.552939],[139.779922,35.552786],[139.779735,35.552695],[139.77909,35.552388],[139.778935,35.552312]]}},{"type":"Feature","properties":{"aeroway":"taxiway","ref":"W13","surface":"asphalt"},"geometry":{"type":"LineString","coordinates":[[139.7749,35.556242],[139.774964,35.55627],[139.775015,35.556285],[139.77507,35.556297],[139.775129,35.556305],[139.775186,35.556306],[139.775255,35.556304],[139.775311,35.556295],[139.775372,35.556285],[139.775424,35.55627],[139.775474,35.556243],[139.775528,35.556208],[139.775583,35.556166],[139.775645,35.556108]]}},{"type":"Feature","properties":{"aeroway":"taxiway","ref":"W13","surface":"asphalt"},"geometry":{"type":"LineString","coordinates":[[139.7749,35.556242],[139.774966,35.556277],[139.775002,35.556303],[139.775019,35.556316],[139.775065,35.55636],[139.775105,35.556408],[139.775137,35.556459],[139.775161,35.556514],[139.775177,35.55657],[139.775184,35.556628],[139.775183,35.556686],[139.775173,35.556743],[139.775158,35.5568]]}},{"type":"Feature","properties":{"aeroway":"taxiway","surface":"asphalt"},"geometry":{"type":"LineString","coordinates":[[139.771861,35.556641],[139.771831,35.556596],[139.771807,35.556555],[139.771788,35.556513],[139.771772,35.55647],[139.77176,35.556426],[139.771753,35.556382],[139.77175,35.556337],[139.771751,35.556292],[139.771756,35.556248],[139.771766,35.556203],[139.77178,35.55616]]}},{"type":"Feature","properties":{"aeroway":"taxiway","surface":"asphalt"},"geometry":{"type":"LineString","coordinates":[[139.771235,35.55749],[139.771205,35.557441],[139.77118,35.557392],[139.771161,35.55734],[139.771148,35.557288],[139.771141,35.557234],[139.771141,35.55718],[139.771147,35.557127],[139.77116,35.557074],[139.771178,35.557027],[139.771212,35.556959]]}},{"type":"Feature","properties":{"aeroway":"taxiway","surface":"asphalt"},"geometry":{"type":"LineString","coordinates":[[139.770435,35.556557],[139.770497,35.556612],[139.770567,35.556661],[139.770645,35.556701],[139.770728,35.556732],[139.770817,35.556754],[139.770908,35.556765],[139.771,35.556766],[139.771091,35.556757],[139.77118,35.556738],[139.771277,35.556709],[139.771332,35.556678],[139.771384,35.556645],[139.771436,35.556602],[139.771474,35.556563],[139.771538,35.556498]]}},{"type":"Feature","properties":{"aeroway":"taxiway","surface":"asphalt"},"geometry":{"type":"LineString","coordinates":[[139.774035,35.560292],[139.774017,35.56033],[139.774004,35.560376],[139.773991,35.560424],[139.773984,35.560474],[139.773981,35.560523],[139.773985,35.560573],[139.773994,35.560622],[139.774008,35.560671],[139.774027,35.560718],[139.774052,35.560764],[139.774081,35.560807]]}},{"type":"Feature","properties":{"aeroway":"taxiway","ref":"A10","surface":"asphalt"},"geometry":{"type":"LineString","coordinates":[[139.776292,35.553231],[139.776293,35.552945],[139.776294,35.552862],[139.776293,35.552665],[139.776296,35.551404]]}},{"type":"Feature","properties":{"aeroway":"taxiway","ref":"L10","surface":"asphalt"},"geometry":{"type":"LineString","coordinates":[[139.773399,35.550283],[139.773476,35.550216],[139.773533,35.550178],[139.773666,35.550112],[139.774365,35.549782],[139.775497,35.549248],[139.775583,35.549212]]}},{"type":"Feature","properties":{"aeroway":"taxiway","surface":"asphalt"},"geometry":{"type":"LineString","coordinates":[[139.776441,35.544208],[139.776383,35.544267],[139.776346,35.544301],[139.776308,35.544329],[139.776252,35.544361],[139.776192,35.54439],[139.776128,35.544417],[139.776067,35.544434],[139.775988,35.544447],[139.775912,35.544452],[139.775844,35.544451],[139.775767,35.544444],[139.775698,35.544431],[139.775615,35.544409]]}},{"type":"Feature","properties":{"aeroway":"taxiway","surface":"asphalt"},"geometry":{"type":"LineString","coordinates":[[139.775832,35.545066],[139.775874,35.544941],[139.775882,35.544877],[139.775882,35.544819],[139.775875,35.544756],[139.77586,35.544703],[139.775837,35.544646],[139.7758,35.544588],[139.775762,35.544536],[139.775714,35.544485],[139.775674,35.544452],[139.775615,35.544409]]}},{"type":"Feature","properties":{"aeroway":"taxiway","surface":"asphalt"},"geometry":{"type":"LineString","coordinates":[[139.776371,35.544307],[139.776351,35.544361],[139.776339,35.544401],[139.776331,35.544445],[139.77633,35.544496],[139.776335,35.544558],[139.77635,35.544616],[139.776377,35.544672],[139.776411,35.544724],[139.776456,35.544777],[139.776501,35.544815],[139.776555,35.544855]]}},{"type":"Feature","properties":{"aeroway":"taxiway","surface":"asphalt"},"geometry":{"type":"LineString","coordinates":[[139.775886,35.544994],[139.775924,35.544962],[139.775969,35.544924],[139.77602,35.544892],[139.776075,35.544864],[139.77614,35.544842],[139.776194,35.544828],[139.776267,35.544821],[139.776346,35.544818],[139.776422,35.544825],[139.776493,35.544839],[139.776555,35.544855]]}},{"type":"Feature","properties":{"aeroway":"taxiway","surface":"asphalt"},"geometry":{"type":"LineString","coordinates":[[139.772892,35.548236],[139.772967,35.548291],[139.773021,35.548337],[139.773065,35.548387],[139.773101,35.548444],[139.773136,35.548511],[139.773151,35.548572],[139.773164,35.548633],[139.773163,35.548691],[139.773156,35.548751],[139.773135,35.548823],[139.773108,35.548899]]}},{"type":"Feature","properties":{"aeroway":"taxiway","surface":"asphalt"},"geometry":{"type":"LineString","coordinates":[[139.773162,35.548828],[139.773209,35.548785],[139.773256,35.548748],[139.77331,35.548712],[139.773369,35.548687],[139.773418,35.54867],[139.77347,35.548656],[139.773531,35.548649],[139.773591,35.548647],[139.773658,35.548647],[139.773714,35.548652],[139.773773,35.548666],[139.773839,35.548684]]}},{"type":"Feature","properties":{"aeroway":"taxiway","surface":"asphalt"},"geometry":{"type":"LineString","coordinates":[[139.773643,35.548154],[139.773627,35.548199],[139.773619,35.548231],[139.773611,35.548285],[139.773609,35.548343],[139.773615,35.54839],[139.773634,35.548451],[139.773661,35.548509],[139.773696,35.54856],[139.773735,35.548602],[139.773781,35.548644],[139.773839,35.548684]]}},{"type":"Feature","properties":{"aeroway":"taxiway","surface":"asphalt"},"geometry":{"type":"LineString","coordinates":[[139.773708,35.54806],[139.773639,35.54812],[139.773587,35.54816],[139.773531,35.548194],[139.773481,35.548219],[139.773425,35.548241],[139.773364,35.548258],[139.773315,35.548269],[139.773249,35.54828],[139.773186,35.548286],[139.773116,35.548283],[139.773044,35.548275],[139.772981,35.548262],[139.772892,35.548236]]}},{"type":"Feature","properties":{"aeroway":"taxiway","surface":"asphalt"},"geometry":{"type":"LineString","coordinates":[[139.773924,35.548725],[139.773979,35.548741],[139.774029,35.548752],[139.774099,35.548761],[139.774176,35.548764],[139.774253,35.548758],[139.774328,35.548744],[139.7744,35.548721],[139.774467,35.548689],[139.774528,35.548651],[139.774582,35.548606],[139.774625,35.548559]]}},{"type":"Feature","properties":{"aeroway":"taxiway","ref":"P9","surface":"asphalt"},"geometry":{"type":"LineString","coordinates":[[139.774239,35.546478],[139.773247,35.546008],[139.772406,35.54561]]}},{"type":"Feature","properties":{"aeroway":"taxiway","surface":"asphalt"},"geometry":{"type":"LineString","coordinates":[[139.774915,35.546363],[139.774857,35.546399],[139.774796,35.54643],[139.774732,35.546456],[139.774664,35.546477],[139.774595,35.546492],[139.774524,35.546501],[139.774452,35.546504],[139.77438,35.546501],[139.774309,35.546492],[139.774239,35.546478]]}},{"type":"Feature","properties":{"aeroway":"taxiway","surface":"asphalt"},"geometry":{"type":"LineString","coordinates":[[139.774239,35.546478],[139.774289,35.546524],[139.774333,35.546573],[139.774371,35.546626],[139.774402,35.546682],[139.774426,35.546741],[139.774442,35.546801],[139.774451,35.546862],[139.774452,35.546923],[139.774445,35.546984],[139.774431,35.547044]]}},{"type":"Feature","properties":{"aeroway":"taxiway","surface":"asphalt"},"geometry":{"type":"LineString","coordinates":[[139.772406,35.54561],[139.772335,35.545558],[139.772281,35.545514],[139.772241,35.54547],[139.772202,35.545416],[139.772167,35.545359],[139.772147,35.545305],[139.772131,35.545253],[139.772124,35.545194],[139.772125,35.545132],[139.772133,35.545074],[139.77215,35.545011],[139.772176,35.544952]]}},{"type":"Feature","properties":{"aeroway":"taxiway","surface":"asphalt"},"geometry":{"type":"LineString","coordinates":[[139.772406,35.54561],[139.7723,35.545579],[139.772224,35.545565],[139.772147,35.545558],[139.772085,35.545558],[139.772016,35.545563],[139.771954,35.545573],[139.77189,35.54559],[139.771828,35.545613],[139.771768,35.545638],[139.771717,35.545669],[139.771661,35.545706],[139.771604,35.545754]]}},{"type":"Feature","properties":{"aeroway":"taxiway","ref":"C1","surface":"asphalt"},"geometry":{"type":"LineString","coordinates":[[139.802716,35.538703],[139.803687,35.539163],[139.803828,35.53923],[139.804183,35.539399],[139.804324,35.539467],[139.804515,35.539558]]}},{"type":"Feature","properties":{"aeroway":"taxiway","ref":"E2","surface":"asphalt"},"geometry":{"type":"LineString","coordinates":[[139.800683,35.541494],[139.801149,35.541718]]}},{"type":"Feature","properties":{"aeroway":"taxiway","ref":"W1","surface":"asphalt"},"geometry":{"type":"LineString","coordinates":[[139.787942,35.537829],[139.78764,35.537686],[139.787488,35.537614]]}},{"type":"Feature","properties":{"aeroway":"taxiway","ref":"A4","surface":"asphalt"},"geometry":{"type":"LineString","coordinates":[[139.782276,35.541372],[139.782791,35.541619],[139.782997,35.541717],[139.783112,35.541771],[139.783271,35.541846],[139.783566,35.541984],[139.78366,35.542029],[139.783766,35.542077],[139.784179,35.542275]]}},{"type":"Feature","properties":{"aeroway":"taxiway","ref":"L4","surface":"asphalt"},"geometry":{"type":"LineString","coordinates":[[139.780366,35.540471],[139.780798,35.540672],[139.78084,35.540693],[139.780883,35.540714],[139.781451,35.540984],[139.781542,35.541027],[139.781735,35.541116],[139.781799,35.541147],[139.782276,35.541372]]}},{"type":"Feature","properties":{"aeroway":"taxiway","ref":"L3","surface":"asphalt"},"geometry":{"type":"LineString","coordinates":[[139.78041,35.539447],[139.780433,35.539458],[139.780471,35.539476],[139.781347,35.539891],[139.782002,35.540198],[139.782092,35.540241],[139.782302,35.540344],[139.78283,35.540591]]}},{"type":"Feature","properties":{"aeroway":"taxiway","surface":"asphalt"},"geometry":{"type":"LineString","coordinates":[[139.790393,35.557851],[139.789875,35.55761]]}},{"type":"Feature","properties":{"aeroway":"taxiway","ref":"E12","surface":"asphalt"},"geometry":{"type":"LineString","coordinates":[[139.787385,35.561121],[139.786942,35.560914],[139.786895,35.560892],[139.786866,35.560879],[139.786425,35.560673],[139.785951,35.560439],[139.785915,35.560428],[139.785192,35.560084]]}},{"type":"Feature","properties":{"aeroway":"taxiway","ref":"C13","surface":"asphalt"},"geometry":{"type":"LineString","coordinates":[[139.785277,35.564092],[139.785702,35.564297],[139.786306,35.564579],[139.786361,35.564604],[139.786448,35.564646],[139.786585,35.564714]]}},{"type":"Feature","properties":{"aeroway":"taxiway","ref":"C14","surface":"asphalt"},"geometry":{"type":"LineString","coordinates":[[139.78693,35.565338],[139.78687,35.565407],[139.7868,35.565456],[139.786729,35.565502],[139.786646,35.565535],[139.786555,35.565559],[139.786473,35.565572],[139.78637,35.565576],[139.786265,35.56557],[139.786127,35.565531],[139.785893,35.565428],[139.78575,35.56536],[139.785231,35.565112],[139.785139,35.565069],[139.784722,35.56487]]}},{"type":"Feature","properties":{"aeroway":"taxiway","ref":"A15","surface":"asphalt"},"geometry":{"type":"LineString","coordinates":[[139.771017,35.557235],[139.771235,35.55749],[139.771568,35.557874],[139.771588,35.5579],[139.771629,35.557947],[139.771831,35.558179],[139.772216,35.558633],[139.772415,35.558856],[139.77262,35.559097]]}},{"type":"Feature","properties":{"aeroway":"taxiway","ref":"B","surface":"asphalt"},"geometry":{"type":"LineString","coordinates":[[139.77262,35.559097],[139.772716,35.559207],[139.772835,35.559351],[139.772909,35.559441],[139.773114,35.559674],[139.773159,35.559727],[139.773672,35.560324],[139.773859,35.560545],[139.774081,35.560807],[139.774335,35.5611]]}},{"type":"Feature","properties":{"aeroway":"taxiway","ref":"T9","surface":"asphalt"},"geometry":{"type":"LineString","coordinates":[[139.77011,35.562104],[139.770417,35.561675],[139.77055,35.561489],[139.770689,35.561291],[139.770701,35.561269],[139.770995,35.560852],[139.7712,35.560575]]}},{"type":"Feature","properties":{"aeroway":"taxiway","ref":"B7","surface":"asphalt"},"geometry":{"type":"LineString","coordinates":[[139.769091,35.556276],[139.768865,35.556408],[139.768718,35.556493],[139.76856,35.556586],[139.768035,35.556889]]}},{"type":"Feature","properties":{"aeroway":"taxiway","ref":"B3","surface":"asphalt"},"geometry":{"type":"LineString","coordinates":[[139.763041,35.549684],[139.763198,35.550424],[139.763258,35.550682],[139.763388,35.551078],[139.763531,35.551404],[139.763678,35.551685],[139.763804,35.551898],[139.764039,35.552234]]}},{"type":"Feature","properties":{"aeroway":"taxiway","ref":"U4","surface":"asphalt"},"geometry":{"type":"LineString","coordinates":[[139.764971,35.550187],[139.76504,35.55025],[139.765102,35.550293],[139.76518,35.550334],[139.765255,35.55036],[139.765323,35.550381],[139.765403,35.550393],[139.765477,35.5504],[139.765557,35.550398],[139.765638,35.550388],[139.765713,35.550368],[139.765778,35.550346],[139.76584,35.550321],[139.765896,35.550289],[139.765938,35.55026],[139.766016,35.550202]]}},{"type":"Feature","properties":{"aeroway":"taxiway","ref":"B2","surface":"asphalt"},"geometry":{"type":"LineString","coordinates":[[139.762577,35.549642],[139.762745,35.54954],[139.762863,35.549473],[139.763253,35.549252],[139.763377,35.549181]]}},{"type":"Feature","properties":{"aeroway":"taxiway","ref":"T2","surface":"asphalt"},"geometry":{"type":"LineString","coordinates":[[139.76009,35.551063],[139.76085,35.550623],[139.761371,35.55033],[139.761584,35.550207]]}},{"type":"Feature","properties":{"aeroway":"taxiway","ref":"B1","surface":"asphalt"},"geometry":{"type":"LineString","coordinates":[[139.761792,35.548878],[139.762053,35.548734],[139.762166,35.548668],[139.762684,35.548367]]}},{"type":"Feature","properties":{"aeroway":"taxiway","ref":"N","surface":"asphalt"},"geometry":{"type":"LineString","coordinates":[[139.756804,35.552382],[139.756992,35.552604],[139.75722,35.552867],[139.757913,35.553668],[139.7583,35.554127],[139.758679,35.554548],[139.758723,35.5546],[139.759093,35.555036],[139.759418,35.555419]]}},{"type":"Feature","properties":{"aeroway":"taxiway","surface":"asphalt"},"geometry":{"type":"LineString","coordinates":[[139.786125,35.53697],[139.786071,35.53695],[139.786012,35.536934],[139.785932,35.536918],[139.785853,35.536915],[139.785776,35.536917],[139.785692,35.536928],[139.785622,35.536941],[139.78554,35.536964],[139.785469,35.536992],[139.785411,35.537019],[139.785327,35.537073]]}},{"type":"Feature","properties":{"aeroway":"taxiway","ref":"P7","surface":"asphalt"},"geometry":{"type":"LineString","coordinates":[[139.770711,35.551296],[139.77063,35.551257],[139.770217,35.551059],[139.769886,35.550902],[139.769568,35.55075],[139.769145,35.550549],[139.768914,35.550439],[139.768442,35.550215],[139.768258,35.550128],[139.767712,35.549868],[139.767607,35.549818],[139.767156,35.549604]]}},{"type":"Feature","properties":{"aeroway":"taxiway","ref":"T1","surface":"asphalt"},"geometry":{"type":"LineString","coordinates":[[139.759321,35.550294],[139.760155,35.549817],[139.760669,35.549523],[139.760947,35.549362]]}},{"type":"Feature","properties":{"aeroway":"taxiway","ref":"T","surface":"asphalt"},"geometry":{"type":"LineString","coordinates":[[139.759226,35.550873],[139.759331,35.550997],[139.759616,35.551321],[139.759674,35.551395],[139.759786,35.551525],[139.759951,35.551718],[139.760069,35.551861],[139.7605,35.552357]]}},{"type":"Feature","properties":{"aeroway":"taxiway","surface":"asphalt"},"geometry":{"type":"LineString","coordinates":[[139.777198,35.552118],[139.776682,35.551876]]}},{"type":"Feature","properties":{"aeroway":"taxiway","ref":"R","surface":"asphalt"},"geometry":{"type":"LineString","coordinates":[[139.80008,35.537299],[139.799764,35.537743],[139.799557,35.538018],[139.799152,35.538587],[139.798757,35.539147],[139.798419,35.539624],[139.79837,35.539692],[139.798333,35.539744],[139.797946,35.540289],[139.797748,35.540578],[139.797151,35.541416]]}},{"type":"Feature","properties":{"aeroway":"taxiway","ref":"D","surface":"asphalt"},"geometry":{"type":"LineString","coordinates":[[139.819885,35.541282],[139.817676,35.539314],[139.817179,35.538871],[139.816349,35.538131]]}},{"type":"Feature","properties":{"aeroway":"taxiway","ref":"E","surface":"asphalt"},"geometry":{"type":"LineString","coordinates":[[139.801998,35.536385],[139.80131,35.537363],[139.801262,35.537419],[139.801201,35.537468],[139.801135,35.53751],[139.801059,35.537545],[139.800994,35.537564],[139.800917,35.537582],[139.800842,35.537585],[139.800768,35.537582],[139.800688,35.537571],[139.800613,35.537549]]}},{"type":"Feature","properties":{"aeroway":"taxiway","ref":"A","surface":"asphalt"},"geometry":{"type":"LineString","coordinates":[[139.792617,35.533761],[139.793084,35.533982],[139.795202,35.534983],[139.798429,35.536516],[139.79866,35.536623],[139.798973,35.536774],[139.799194,35.53688],[139.799538,35.537043]]}},{"type":"Feature","properties":{"aeroway":"taxiway","ref":"E3","surface":"asphalt"},"geometry":{"type":"LineString","coordinates":[[139.800601,35.542496],[139.800291,35.542349],[139.800155,35.542285],[139.800117,35.542266],[139.800084,35.542248],[139.799642,35.542038],[139.79915,35.541808],[139.797969,35.541243]]}},{"type":"Feature","properties":{"aeroway":"taxiway","ref":"E5","surface":"asphalt"},"geometry":{"type":"LineString","coordinates":[[139.797906,35.545385],[139.798394,35.545612]]}},{"type":"Feature","properties":{"aeroway":"taxiway","ref":"E10","surface":"asphalt"},"geometry":{"type":"LineString","coordinates":[[139.787609,35.556536],[139.787575,35.55652],[139.787451,35.556458],[139.786898,35.556196]]}},{"type":"Feature","properties":{"aeroway":"taxiway","ref":"E","surface":"asphalt"},"geometry":{"type":"LineString","coordinates":[[139.797224,35.545456],[139.79724,35.545434],[139.797623,35.544894],[139.797673,35.544825],[139.797744,35.544734],[139.797996,35.544369],[139.798024,35.544329],[139.798239,35.544035],[139.798403,35.543796],[139.79882,35.543206],[139.799185,35.542686],[139.799362,35.542432]]}},{"type":"Feature","properties":{"aeroway":"taxiway","ref":"E","surface":"asphalt"},"geometry":{"type":"LineString","coordinates":[[139.79533,35.548126],[139.79537,35.548073],[139.795629,35.547704],[139.79589,35.547351],[139.795937,35.547284],[139.796187,35.546927],[139.796436,35.546569],[139.796477,35.546504],[139.79685,35.54598],[139.797224,35.545456]]}},{"type":"Feature","properties":{"aeroway":"taxiway","ref":"E","surface":"asphalt"},"geometry":{"type":"LineString","coordinates":[[139.793639,35.550509],[139.79528,35.548196],[139.79533,35.548126]]}},{"type":"Feature","properties":{"aeroway":"taxiway","ref":"E","surface":"asphalt"},"geometry":{"type":"LineString","coordinates":[[139.791739,35.553186],[139.791782,35.553124],[139.791898,35.552961],[139.792031,35.552772],[139.792274,35.55244],[139.792321,35.552365],[139.792868,35.551597],[139.793067,35.551317],[139.793094,35.551279],[139.79336,35.550904],[139.793639,35.550509]]}},{"type":"Feature","properties":{"aeroway":"taxiway","ref":"E","surface":"asphalt"},"geometry":{"type":"LineString","coordinates":[[139.79043,35.55503],[139.790469,35.554977],[139.790709,35.554638],[139.790996,35.554229],[139.791739,35.553186]]}},{"type":"Feature","properties":{"aeroway":"taxiway","ref":"E","surface":"asphalt"},"geometry":{"type":"LineString","coordinates":[[139.788604,35.557604],[139.788659,35.557526],[139.788923,35.557156],[139.789176,35.556794],[139.789229,35.556723],[139.789976,35.55567],[139.79043,35.55503]]}},{"type":"Feature","properties":{"aeroway":"taxiway","ref":"E","surface":"asphalt"},"geometry":{"type":"LineString","coordinates":[[139.786142,35.561072],[139.786184,35.561016],[139.786425,35.560673],[139.786663,35.560337],[139.786723,35.560255],[139.787684,35.558901],[139.788604,35.557604]]}},{"type":"Feature","properties":{"aeroway":"taxiway","ref":"E","surface":"asphalt"},"geometry":{"type":"LineString","coordinates":[[139.784013,35.564067],[139.784064,35.563998],[139.784324,35.563635],[139.78458,35.563273],[139.784619,35.563218],[139.786142,35.561072]]}},{"type":"Feature","properties":{"aeroway":"taxiway","ref":"R","surface":"asphalt"},"geometry":{"type":"LineString","coordinates":[[139.784943,35.55941],[139.784957,35.559391],[139.785104,35.559185],[139.785151,35.55912],[139.7855,35.558639],[139.785516,35.558616],[139.785879,35.558086],[139.785895,35.558062],[139.786281,35.557521],[139.786364,35.557402],[139.786666,35.556973],[139.786823,35.556746],[139.786829,35.556737]]}},{"type":"Feature","properties":{"aeroway":"taxiway","ref":"R","surface":"asphalt"},"geometry":{"type":"LineString","coordinates":[[139.782838,35.56237],[139.78286,35.562341],[139.783045,35.562091],[139.783118,35.561987],[139.783405,35.56158],[139.783656,35.561226],[139.783701,35.561161],[139.783789,35.561034],[139.78389,35.56089],[139.784037,35.56068],[139.784173,35.560486],[139.784274,35.560345],[139.78436,35.560226],[139.784665,35.559798],[139.784943,35.55941]]}},{"type":"Feature","properties":{"aeroway":"taxiway","ref":"A16","surface":"asphalt"},"geometry":{"type":"LineString","coordinates":[[139.769803,35.561937],[139.769495,35.561576],[139.769238,35.561281],[139.769211,35.561249],[139.768856,35.560837]]}},{"type":"Feature","properties":{"aeroway":"taxiway","ref":"T7","surface":"asphalt"},"geometry":{"type":"LineString","coordinates":[[139.768035,35.556889],[139.767543,35.55717],[139.76734,35.557288],[139.766866,35.557559],[139.766828,35.557581],[139.766761,35.557619],[139.76631,35.557871]]}},{"type":"Feature","properties":{"aeroway":"taxiway","ref":"L","surface":"asphalt"},"geometry":{"type":"LineString","coordinates":[[139.769216,35.55617],[139.769173,35.556233]]}},{"type":"Feature","properties":{"aeroway":"taxiway","ref":"J","surface":"asphalt"},"geometry":{"type":"LineString","coordinates":[[139.773456,35.558507],[139.773445,35.558496],[139.77343,35.55848],[139.773377,35.558417],[139.773253,35.558267],[139.773188,35.558186],[139.773024,35.557997]]}},{"type":"Feature","properties":{"aeroway":"taxiway","ref":"L14","surface":"asphalt"},"geometry":{"type":"LineString","coordinates":[[139.771632,35.556368],[139.771371,35.556068],[139.771039,35.555687],[139.771016,35.55566],[139.770822,35.555429],[139.770496,35.555052]]}},{"type":"Feature","properties":{"aeroway":"taxiway","ref":"W13","surface":"asphalt"},"geometry":{"type":"LineString","coordinates":[[139.774426,35.556018],[139.7749,35.556242]]}},{"type":"Feature","properties":{"aeroway":"taxiway","ref":"V","surface":"asphalt"},"geometry":{"type":"LineString","coordinates":[[139.77305,35.543722],[139.773022,35.543761],[139.772891,35.543946],[139.772804,35.544069],[139.772787,35.544092],[139.772767,35.544121],[139.772404,35.544631],[139.77237,35.544678],[139.77232,35.544749],[139.772176,35.544952],[139.772004,35.545193],[139.771604,35.545754]]}},{"type":"Feature","properties":{"aeroway":"taxiway","ref":"P10","surface":"asphalt"},"geometry":{"type":"LineString","coordinates":[[139.772892,35.548236],[139.772808,35.548196],[139.772075,35.547847],[139.771434,35.547544],[139.771131,35.5474]]}},{"type":"Feature","properties":{"aeroway":"taxiway","ref":"W6","surface":"asphalt"},"geometry":{"type":"LineString","coordinates":[[139.781771,35.545669],[139.782204,35.545876],[139.782292,35.545918]]}},{"type":"Feature","properties":{"aeroway":"taxiway","ref":"L6","surface":"asphalt"},"geometry":{"type":"LineString","coordinates":[[139.778501,35.544119],[139.779053,35.54438],[139.779134,35.544418],[139.779331,35.544515],[139.779868,35.544764]]}},{"type":"Feature","properties":{"aeroway":"taxiway","ref":"G","surface":"asphalt"},"geometry":{"type":"LineString","coordinates":[[139.786199,35.542188],[139.788595,35.543328],[139.789438,35.543728]]}},{"type":"Feature","properties":{"aeroway":"taxiway","ref":"G","surface":"asphalt"},"geometry":{"type":"LineString","coordinates":[[139.789438,35.543728],[139.792575,35.545214],[139.793414,35.545609],[139.793536,35.545666]]}},{"type":"Feature","properties":{"aeroway":"taxiway","ref":"G","surface":"asphalt"},"geometry":{"type":"LineString","coordinates":[[139.793536,35.545666],[139.793576,35.545687],[139.79399,35.545884],[139.794402,35.546081],[139.794497,35.546125],[139.795636,35.546663]]}},{"type":"Feature","properties":{"aeroway":"taxiway","ref":"G","surface":"asphalt"},"geometry":{"type":"LineString","coordinates":[[139.795636,35.546663],[139.795759,35.546725],[139.796187,35.546927],[139.79661,35.547131],[139.796648,35.547149],[139.796704,35.547176],[139.797136,35.547379]]}},{"type":"Feature","properties":{"aeroway":"taxiway","ref":"H","surface":"asphalt"},"geometry":{"type":"LineString","coordinates":[[139.795106,35.547455],[139.795184,35.547494],[139.795629,35.547704],[139.796072,35.547913],[139.796091,35.547922],[139.796158,35.547955],[139.796589,35.54816],[139.797066,35.548388]]}},{"type":"Feature","properties":{"aeroway":"taxiway","ref":"H","surface":"asphalt"},"geometry":{"type":"LineString","coordinates":[[139.788057,35.544111],[139.788625,35.544382],[139.788906,35.544518],[139.78909,35.544604],[139.792047,35.546003]]}},{"type":"Feature","properties":{"aeroway":"taxiway","ref":"H","surface":"asphalt"},"geometry":{"type":"LineString","coordinates":[[139.784179,35.542275],[139.784607,35.542478],[139.784692,35.542518],[139.784762,35.542552],[139.785138,35.542732],[139.785443,35.542872],[139.785675,35.542984],[139.786642,35.543444],[139.78735,35.543777],[139.788018,35.544094],[139.788057,35.544111]]}},{"type":"Feature","properties":{"aeroway":"taxiway","ref":"W","surface":"asphalt"},"geometry":{"type":"LineString","coordinates":[[139.785991,35.541522],[139.786216,35.54122],[139.786404,35.540952],[139.7866,35.540672],[139.786988,35.540127],[139.787466,35.539454],[139.787855,35.538906],[139.788192,35.538427]]}},{"type":"Feature","properties":{"aeroway":"taxiway","ref":"W","surface":"asphalt"},"geometry":{"type":"LineString","coordinates":[[139.788192,35.538427],[139.788234,35.538365],[139.788624,35.537819],[139.788748,35.537645],[139.789012,35.537271],[139.7894,35.536727],[139.789782,35.536181],[139.790175,35.535633],[139.790566,35.535087],[139.790956,35.534546],[139.791283,35.534073]]}},{"type":"Feature","properties":{"aeroway":"taxiway","ref":"W","surface":"asphalt"},"geometry":{"type":"LineString","coordinates":[[139.78248,35.546479],[139.782655,35.54623],[139.782918,35.545863],[139.782978,35.545774],[139.783455,35.545106],[139.783899,35.544482],[139.784097,35.544188],[139.784115,35.544161],[139.784435,35.543721],[139.784568,35.543538],[139.784665,35.543402],[139.78484,35.543147]]}},{"type":"Feature","properties":{"aeroway":"taxiway","ref":"W","surface":"asphalt"},"geometry":{"type":"LineString","coordinates":[[139.780686,35.548997],[139.780915,35.548678],[139.781171,35.548318],[139.781336,35.548091],[139.781863,35.54735],[139.782327,35.546697],[139.78248,35.546479]]}},{"type":"Feature","properties":{"aeroway":"taxiway","ref":"W","surface":"asphalt"},"geometry":{"type":"LineString","coordinates":[[139.778724,35.551763],[139.779201,35.55111],[139.779693,35.550409],[139.780108,35.549824],[139.780317,35.549529],[139.780391,35.549425],[139.780524,35.549236],[139.780686,35.548997]]}},{"type":"Feature","properties":{"aeroway":"taxiway","ref":"W","surface":"asphalt"},"geometry":{"type":"LineString","coordinates":[[139.777731,35.553164],[139.777901,35.552926],[139.778228,35.552466],[139.778394,35.55223],[139.778724,35.551763]]}},{"type":"Feature","properties":{"aeroway":"taxiway","ref":"W","surface":"asphalt"},"geometry":{"type":"LineString","coordinates":[[139.775645,35.556108],[139.775858,35.555811],[139.776244,35.555266],[139.776618,35.554718],[139.77702,35.554176],[139.777256,35.553841],[139.777396,35.553635],[139.777485,35.553509],[139.777731,35.553164]]}},{"type":"Feature","properties":{"aeroway":"taxiway","ref":"W","surface":"asphalt"},"geometry":{"type":"LineString","coordinates":[[139.774151,35.558218],[139.774307,35.557996],[139.77469,35.557452],[139.775083,35.556905],[139.775158,35.5568],[139.775466,35.556359],[139.775645,35.556108]]}},{"type":"Feature","properties":{"aeroway":"taxiway","ref":"W","surface":"asphalt"},"geometry":{"type":"LineString","coordinates":[[139.772943,35.55991],[139.772985,35.559855],[139.773114,35.559674],[139.773272,35.559447],[139.77354,35.559068],[139.773576,35.559024],[139.773838,35.55866],[139.77411,35.558279],[139.774151,35.558218]]}},{"type":"Feature","properties":{"aeroway":"taxiway","ref":"B10","surface":"asphalt"},"geometry":{"type":"LineString","coordinates":[[139.7717,35.561649],[139.771894,35.561383],[139.772073,35.561129],[139.772378,35.560704],[139.772396,35.560679],[139.77245,35.560604],[139.772632,35.560349],[139.772943,35.55991]]}},{"type":"Feature","properties":{"aeroway":"taxiway","ref":"A11","surface":"asphalt"},"geometry":{"type":"LineString","coordinates":[[139.776534,35.553055],[139.776293,35.552945],[139.776008,35.552812],[139.775483,35.55256],[139.775353,35.552498],[139.77515,35.552403],[139.774628,35.552147]]}},{"type":"Feature","properties":{"aeroway":"taxiway","ref":"J","surface":"asphalt"},"geometry":{"type":"LineString","coordinates":[[139.778324,35.560794],[139.780588,35.56187],[139.782027,35.562553]]}},{"type":"Feature","properties":{"aeroway":"taxiway","ref":"J","surface":"asphalt"},"geometry":{"type":"LineString","coordinates":[[139.775317,35.559372],[139.777408,35.560363],[139.778324,35.560794]]}},{"type":"Feature","properties":{"aeroway":"taxiway","ref":"J","surface":"asphalt"},"geometry":{"type":"LineString","coordinates":[[139.773339,35.558435],[139.773401,35.558465],[139.77343,35.55848],[139.77345,35.558489],[139.77351,35.558515],[139.773838,35.55866],[139.774262,35.558861],[139.774433,35.558954],[139.774816,35.559138],[139.775317,35.559372]]}},{"type":"Feature","properties":{"aeroway":"taxiway","ref":"T5","surface":"asphalt"},"geometry":{"type":"LineString","coordinates":[[139.765229,35.553621],[139.76518,35.55365],[139.764739,35.553903],[139.76453,35.554016],[139.764306,35.554146],[139.764056,35.554294],[139.764011,35.55432],[139.76329,35.554733]]}},{"type":"Feature","properties":{"aeroway":"taxiway","surface":"asphalt"},"geometry":{"type":"LineString","coordinates":[[139.764651,35.554306],[139.76458,35.554283],[139.764516,35.554265],[139.764446,35.554254],[139.764385,35.554249],[139.7643,35.554247],[139.764231,35.554253],[139.76417,35.554265],[139.764115,35.554279],[139.764056,35.554294]]}},{"type":"Feature","properties":{"aeroway":"taxiway","ref":"B9","surface":"asphalt"},"geometry":{"type":"LineString","coordinates":[[139.7712,35.560575],[139.771368,35.560329],[139.771695,35.559865],[139.771714,35.55984],[139.772015,35.559418]]}},{"type":"Feature","properties":{"aeroway":"taxiway","ref":"A","surface":"asphalt"},"geometry":{"type":"LineString","coordinates":[[139.773024,35.557997],[139.773176,35.557789],[139.773458,35.557384],[139.773502,35.557312],[139.773516,35.557293],[139.774186,35.556358],[139.774426,35.556018],[139.774678,35.555672],[139.77474,35.555583]]}},{"type":"Feature","properties":{"aeroway":"taxiway","ref":"A","surface":"asphalt"},"geometry":{"type":"LineString","coordinates":[[139.77474,35.555583],[139.775394,35.554661],[139.776233,35.553477]]}},{"type":"Feature","properties":{"aeroway":"taxiway","ref":"A","surface":"asphalt"},"geometry":{"type":"LineString","coordinates":[[139.776233,35.553477],[139.776278,35.553416],[139.776534,35.553055],[139.776536,35.553051],[139.776781,35.552708],[139.77684,35.552625],[139.776939,35.552484],[139.777198,35.552118],[139.777444,35.551768],[139.777493,35.551703]]}},{"type":"Feature","properties":{"aeroway":"taxiway","ref":"A","surface":"asphalt"},"geometry":{"type":"LineString","coordinates":[[139.777493,35.551703],[139.778663,35.550053],[139.778992,35.549589]]}},{"type":"Feature","properties":{"aeroway":"taxiway","ref":"A","surface":"asphalt"},"geometry":{"type":"LineString","coordinates":[[139.778992,35.549589],[139.779144,35.549375],[139.779449,35.548945],[139.779697,35.548596],[139.77978,35.548479],[139.779961,35.548223],[139.780227,35.547848],[139.780264,35.547796]]}},{"type":"Feature","properties":{"aeroway":"taxiway","ref":"A","surface":"asphalt"},"geometry":{"type":"LineString","coordinates":[[139.780264,35.547796],[139.781043,35.546696],[139.781468,35.546096],[139.781525,35.546015],[139.781771,35.545669],[139.782022,35.545323],[139.782073,35.545248]]}},{"type":"Feature","properties":{"aeroway":"taxiway","ref":"A","surface":"asphalt"},"geometry":{"type":"LineString","coordinates":[[139.782073,35.545248],[139.783146,35.543737],[139.783872,35.542714]]}},{"type":"Feature","properties":{"aeroway":"taxiway","ref":"A","surface":"asphalt"},"geometry":{"type":"LineString","coordinates":[[139.78502,35.54109],[139.785432,35.54051],[139.786388,35.539165],[139.787195,35.53803],[139.787224,35.537988],[139.787471,35.537638],[139.787488,35.537614]]}},{"type":"Feature","properties":{"aeroway":"taxiway","ref":"A","surface":"asphalt"},"geometry":{"type":"LineString","coordinates":[[139.783872,35.542714],[139.783941,35.542617],[139.784179,35.542275],[139.784424,35.541932],[139.784484,35.541846],[139.784738,35.541496],[139.784979,35.541152],[139.78502,35.54109]]}},{"type":"Feature","properties":{"aeroway":"taxiway","ref":"A3","surface":"asphalt"},"geometry":{"type":"LineString","coordinates":[[139.78283,35.540591],[139.783333,35.540829],[139.783412,35.54087],[139.783556,35.540937],[139.783662,35.540988],[139.784218,35.541255],[139.784314,35.541299],[139.784423,35.54135],[139.784738,35.541496]]}},{"type":"Feature","properties":{"aeroway":"taxiway","ref":"P4","surface":"asphalt"},"geometry":{"type":"LineString","coordinates":[[139.77989,35.540241],[139.779946,35.540268],[139.780366,35.540471]]}},{"type":"Feature","properties":{"aeroway":"taxiway","ref":"L","surface":"asphalt"},"geometry":{"type":"LineString","coordinates":[[139.777324,35.54476],[139.77683,35.545454],[139.776562,35.545826],[139.775941,35.54669],[139.775627,35.547136],[139.775321,35.547571],[139.774663,35.548505],[139.774625,35.548559]]}},{"type":"Feature","properties":{"aeroway":"taxiway","ref":"L","surface":"asphalt"},"geometry":{"type":"LineString","coordinates":[[139.778278,35.543418],[139.777647,35.544297],[139.777324,35.54476]]}},{"type":"Feature","properties":{"aeroway":"taxiway","ref":"L","surface":"asphalt"},"geometry":{"type":"LineString","coordinates":[[139.774625,35.548559],[139.774357,35.548933],[139.774106,35.549289],[139.77391,35.549564],[139.773399,35.550283],[139.773014,35.550828]]}},{"type":"Feature","properties":{"aeroway":"taxiway","ref":"L","surface":"asphalt"},"geometry":{"type":"LineString","coordinates":[[139.773014,35.550828],[139.772424,35.551659],[139.772011,35.552238],[139.771975,35.552288],[139.771922,35.552364],[139.77147,35.553],[139.771161,35.553439],[139.770859,35.553863],[139.770747,35.554011]]}},{"type":"Feature","properties":{"aeroway":"taxiway","ref":"L","surface":"asphalt"},"geometry":{"type":"LineString","coordinates":[[139.770747,35.554011],[139.770416,35.554484],[139.770376,35.554542],[139.770135,35.554889],[139.769809,35.555347],[139.769755,35.555423],[139.769635,35.555587],[139.769622,35.555606]]}},{"type":"Feature","properties":{"aeroway":"taxiway","ref":"P","surface":"asphalt"},"geometry":{"type":"LineString","coordinates":[[139.772083,35.550339],[139.771528,35.55112],[139.771478,35.551189],[139.771229,35.551542],[139.770979,35.551897],[139.77093,35.551966],[139.770508,35.552561]]}},{"type":"Feature","properties":{"aeroway":"taxiway","ref":"P","surface":"asphalt"},"geometry":{"type":"LineString","coordinates":[[139.776441,35.544208],[139.776371,35.544307],[139.776124,35.544651],[139.775886,35.544994],[139.775832,35.545066],[139.775582,35.545422],[139.775173,35.546],[139.774915,35.546363],[139.774681,35.546692],[139.774431,35.547044],[139.774293,35.547239],[139.774237,35.547319],[139.773966,35.547699],[139.773918,35.547768],[139.773708,35.54806],[139.773643,35.548154]]}},{"type":"Feature","properties":{"aeroway":"taxiway","ref":"P","surface":"asphalt"},"geometry":{"type":"LineString","coordinates":[[139.779671,35.539648],[139.77915,35.540392],[139.778304,35.541584],[139.776441,35.544208]]}},{"type":"Feature","properties":{"aeroway":"taxiway","ref":"C","surface":"asphalt"},"geometry":{"type":"LineString","coordinates":[[139.802846,35.539328],[139.801869,35.540706],[139.801446,35.541301]]}},{"type":"Feature","properties":{"aeroway":"taxiway","ref":"C","surface":"asphalt"},"geometry":{"type":"LineString","coordinates":[[139.800304,35.542914],[139.7995,35.544055],[139.799398,35.5442],[139.799191,35.544486],[139.799162,35.544532],[139.798946,35.544831],[139.798704,35.545178]]}},{"type":"Feature","properties":{"aeroway":"taxiway","ref":"C","surface":"asphalt"},"geometry":{"type":"LineString","coordinates":[[139.798704,35.545178],[139.798665,35.545229],[139.798394,35.545612],[139.798131,35.545969],[139.798089,35.546028],[139.797481,35.546884],[139.797372,35.547036]]}},{"type":"Feature","properties":{"aeroway":"taxiway","ref":"C","surface":"asphalt"},"geometry":{"type":"LineString","coordinates":[[139.797372,35.547036],[139.797136,35.547379],[139.796882,35.547733],[139.796835,35.5478],[139.796589,35.54816],[139.796339,35.548507],[139.796277,35.548594]]}},{"type":"Feature","properties":{"aeroway":"taxiway","ref":"C","surface":"asphalt"},"geometry":{"type":"LineString","coordinates":[[139.796277,35.548594],[139.795355,35.54989],[139.7946,35.550949]]}},{"type":"Feature","properties":{"aeroway":"taxiway","ref":"C","surface":"asphalt"},"geometry":{"type":"LineString","coordinates":[[139.7946,35.550949],[139.794558,35.551008],[139.794314,35.55135],[139.794071,35.551695],[139.794016,35.551772],[139.793245,35.552867]]}},{"type":"Feature","properties":{"aeroway":"taxiway","ref":"C","surface":"asphalt"},"geometry":{"type":"LineString","coordinates":[[139.793245,35.552867],[139.793045,35.553147],[139.792739,35.553574]]}},{"type":"Feature","properties":{"aeroway":"taxiway","ref":"C","surface":"asphalt"},"geometry":{"type":"LineString","coordinates":[[139.792739,35.553574],[139.792071,35.554513]]}},{"type":"Feature","properties":{"aeroway":"taxiway","ref":"C","surface":"asphalt"},"geometry":{"type":"LineString","coordinates":[[139.792071,35.554513],[139.791912,35.554744],[139.791663,35.555087],[139.791419,35.555438],[139.791383,35.555491]]}},{"type":"Feature","properties":{"aeroway":"taxiway","ref":"C","surface":"asphalt"},"geometry":{"type":"LineString","coordinates":[[139.791383,35.555491],[139.790935,35.556122],[139.790182,35.557182]]}},{"type":"Feature","properties":{"aeroway":"taxiway","ref":"C","surface":"asphalt"},"geometry":{"type":"LineString","coordinates":[[139.790182,35.557182],[139.79012,35.557268],[139.789875,35.55761],[139.789623,35.557964],[139.789594,35.558011],[139.788932,35.558944]]}},{"type":"Feature","properties":{"aeroway":"taxiway","ref":"C","surface":"asphalt"},"geometry":{"type":"LineString","coordinates":[[139.788932,35.558944],[139.788638,35.559356],[139.787695,35.56068]]}},{"type":"Feature","properties":{"aeroway":"taxiway","ref":"C","surface":"asphalt"},"geometry":{"type":"LineString","coordinates":[[139.787695,35.56068],[139.787642,35.560757],[139.787385,35.561121],[139.787134,35.561472],[139.787087,35.561539]]}},{"type":"Feature","properties":{"aeroway":"taxiway","ref":"C","surface":"asphalt"},"geometry":{"type":"LineString","coordinates":[[139.787087,35.561539],[139.786329,35.562606],[139.785522,35.563742]]}},{"type":"Feature","properties":{"aeroway":"taxiway","ref":"C","surface":"asphalt"},"geometry":{"type":"LineString","coordinates":[[139.785522,35.563742],[139.785277,35.564092],[139.785018,35.564452],[139.785,35.56448]]}},{"type":"Feature","properties":{"aeroway":"taxiway","ref":"K","surface":"asphalt"},"geometry":{"type":"LineString","coordinates":[[139.78144,35.563319],[139.781075,35.563146],[139.780473,35.562858],[139.780039,35.562654],[139.779801,35.562542],[139.779146,35.562228],[139.778469,35.56191],[139.777839,35.56161]]}},{"type":"Feature","properties":{"aeroway":"taxiway","ref":"K","surface":"asphalt"},"geometry":{"type":"LineString","coordinates":[[139.777839,35.56161],[139.777737,35.561564],[139.777321,35.561358],[139.77688,35.561156],[139.776779,35.561106],[139.774823,35.56018]]}},{"type":"Feature","properties":{"aeroway":"taxiway","ref":"K","surface":"asphalt"},"geometry":{"type":"LineString","coordinates":[[139.774823,35.56018],[139.774691,35.560121],[139.774289,35.55993],[139.773904,35.559744],[139.773782,35.559689],[139.773272,35.559447],[139.772894,35.559267],[139.772835,35.559239]]}},{"type":"Feature","properties":{"aeroway":"taxiway","ref":"B","surface":"asphalt"},"geometry":{"type":"LineString","coordinates":[[139.76835,35.554119],[139.769055,35.554948],[139.769143,35.555051],[139.769416,35.555365],[139.769548,35.55552],[139.769622,35.555606]]}},{"type":"Feature","properties":{"aeroway":"taxiway","ref":"B","surface":"asphalt"},"geometry":{"type":"LineString","coordinates":[[139.764217,35.549308],[139.764971,35.550187],[139.765393,35.550678],[139.765432,35.550726],[139.765872,35.551233],[139.765968,35.551347],[139.766047,35.551441],[139.766146,35.551555],[139.76659,35.552071]]}},{"type":"Feature","properties":{"aeroway":"taxiway","ref":"B","surface":"asphalt"},"geometry":{"type":"LineString","coordinates":[[139.76659,35.552071],[139.767419,35.553034],[139.76835,35.554119]]}},{"type":"Feature","properties":{"aeroway":"taxiway","ref":"B","surface":"asphalt"},"geometry":{"type":"LineString","coordinates":[[139.763494,35.548466],[139.76357,35.548555],[139.763867,35.548901],[139.764147,35.549227],[139.764217,35.549308]]}},{"type":"Feature","properties":{"aeroway":"terminal","name":"第1旅客ターミナル"},"geometry":{"type":"Polygon","coordinates":[[[139.78219,35.552294],[139.78224,35.552318],[139.78242,35.552066],[139.781962,35.551849],[139.782176,35.551554],[139.782623,35.550936],[139.78265,35.550891],[139.782797,35.550961],[139.78299,35.551055],[139.783145,35.550842],[139.783176,35.5508],[139.783196,35.550772],[139.783225,35.550732],[139.783253,35.550694],[139.783305,35.550622],[139.783349,35.550562],[139.783359,35.550548],[139.783389,35.550508],[139.783505,35.550343],[139.783598,35.550213],[139.783695,35.550078],[139.783727,35.550033],[139.783779,35.549962],[139.783851,35.549863],[139.78391,35.549782],[139.784032,35.54961],[139.784128,35.549478],[139.784289,35.549251],[139.78442,35.54907],[139.784586,35.548852],[139.78478,35.548575],[139.784959,35.548322],[139.784992,35.548275],[139.785038,35.54821],[139.785088,35.548142],[139.785142,35.548068],[139.785168,35.548032],[139.785202,35.547985],[139.785296,35.547854],[139.78539,35.547723],[139.78555,35.5475],[139.785698,35.547295],[139.785723,35.547259],[139.785779,35.547181],[139.785898,35.547016],[139.785708,35.546925],[139.785597,35.546871],[139.785528,35.546839],[139.785934,35.546266],[139.785986,35.546194],[139.786214,35.545874],[139.786671,35.546089],[139.786849,35.545838],[139.786798,35.545815],[139.787116,35.545795],[139.78713,35.545801],[139.787146,35.545803],[139.787162,35.5458],[139.787176,35.545793],[139.787185,35.545782],[139.787189,35.545769],[139.787187,35.545756],[139.78718,35.545744],[139.787168,35.545736],[139.787153,35.545731],[139.787136,35.545731],[139.787121,35.545736],[139.787109,35.545745],[139.787102,35.545757],[139.786731,35.54578],[139.786312,35.545581],[139.786552,35.545533],[139.786566,35.545542],[139.786582,35.545546],[139.7866,35.545545],[139.786615,35.545539],[139.786626,35.545528],[139.786631,35.545514],[139.78663,35.5455],[139.786622,35.545488],[139.786608,35.545479],[139.786592,35.545474],[139.786575,35.545476],[139.786559,35.545482],[139.786548,35.545493],[139.786547,35.545499],[139.786261,35.545556],[139.786141,35.545497],[139.78605,35.545214],[139.786058,35.545203],[139.78606,35.54519],[139.786057,35.545177],[139.786048,35.545167],[139.786035,35.545159],[139.786019,35.545156],[139.786003,35.545157],[139.785989,35.545163],[139.785978,35.545173],[139.785972,35.545185],[139.785972,35.545198],[139.785978,35.54521],[139.785988,35.54522],[139.786002,35.545226],[139.786084,35.545475],[139.785462,35.54518],[139.785442,35.544941],[139.785453,35.54493],[139.785458,35.544916],[139.785456,35.544902],[139.785448,35.54489],[139.785435,35.544881],[139.785418,35.544876],[139.785401,35.544878],[139.785386,35.544884],[139.785374,35.544895],[139.785369,35.544908],[139.785371,35.544923],[139.785379,35.544935],[139.785392,35.544944],[139.785413,35.545158],[139.785396,35.545152],[139.785389,35.545164],[139.78526,35.544988],[139.785266,35.544974],[139.785264,35.54496],[139.785256,35.544948],[139.785243,35.544939],[139.785226,35.544934],[139.785209,35.544936],[139.785194,35.544942],[139.785182,35.544953],[139.785177,35.544966],[139.785179,35.544981],[139.785187,35.544993],[139.7852,35.545002],[139.785217,35.545006],[139.785357,35.545201],[139.785269,35.545326],[139.785071,35.545234],[139.785066,35.545221],[139.785056,35.545211],[139.785042,35.545204],[139.785026,35.545202],[139.78501,35.545205],[139.784997,35.545212],[139.784987,35.545222],[139.784983,35.545235],[139.784984,35.545248],[139.784991,35.54526],[139.785003,35.545269],[139.785018,35.545274],[139.785034,35.545274],[139.785049,35.54527],[139.785244,35.545362],[139.785219,35.545398],[139.78532,35.545711],[139.785066,35.545657],[139.785065,35.545653],[139.785058,35.545642],[139.785048,35.545634],[139.785034,35.545629],[139.785019,35.545628],[139.785005,35.545631],[139.784993,35.545638],[139.784984,35.545648],[139.784981,35.54566],[139.784982,35.545672],[139.784989,35.545683],[139.785,35.545692],[139.785013,35.545697],[139.785028,35.545698],[139.785043,35.545694],[139.785055,35.545687],[139.785337,35.545746],[139.785373,35.545851],[139.785649,35.545982],[139.785418,35.546304],[139.785223,35.546213],[139.785218,35.546201],[139.785208,35.546191],[139.785194,35.546184],[139.785178,35.546182],[139.785162,35.546184],[139.785149,35.546191],[139.785139,35.546202],[139.785135,35.546215],[139.785136,35.546228],[139.785143,35.54624],[139.785155,35.546249],[139.78517,35.546254],[139.785186,35.546254],[139.785202,35.546249],[139.785393,35.54634],[139.78535,35.546395],[139.785129,35.546712],[139.785081,35.54678],[139.785045,35.546829],[139.784961,35.546943],[139.784913,35.547008],[139.784718,35.546917],[139.784713,35.546904],[139.784703,35.546894],[139.784689,35.546887],[139.784673,35.546885],[139.784657,35.546888],[139.784643,35.546895],[139.784634,35.546905],[139.784629,35.546918],[139.784631,35.546931],[139.784638,35.546943],[139.78465,35.546952],[139.784664,35.546957],[139.784681,35.546957],[139.784696,35.546953],[139.784887,35.547043],[139.784847,35.547098],[139.784742,35.547247],[139.784637,35.547396],[139.784581,35.547473],[139.784522,35.547556],[139.784412,35.547709],[139.78422,35.54762],[139.784215,35.547607],[139.784204,35.547597],[139.78419,35.54759],[139.784175,35.547588],[139.784159,35.547591],[139.784145,35.547598],[139.784135,35.547608],[139.784131,35.547621],[139.784132,35.547634],[139.78414,35.547646],[139.784151,35.547655],[139.784166,35.54766],[139.784182,35.54766],[139.784198,35.547656],[139.784386,35.547745],[139.784329,35.547824],[139.784095,35.548151],[139.784019,35.548258],[139.78375,35.54813],[139.783448,35.548193],[139.783251,35.54803],[139.783251,35.548018],[139.783246,35.548007],[139.783237,35.547998],[139.783225,35.547992],[139.783212,35.547989],[139.783198,35.54799],[139.783185,35.547995],[139.783174,35.548003],[139.783168,35.548013],[139.783165,35.548024],[139.783168,35.548036],[139.783174,35.548046],[139.783185,35.548054],[139.783198,35.548058],[139.783212,35.548059],[139.783389,35.548206],[139.783195,35.548244],[139.783123,35.548348],[139.782931,35.548259],[139.782926,35.548246],[139.782916,35.548236],[139.782902,35.548229],[139.782886,35.548227],[139.78287,35.54823],[139.782856,35.548237],[139.782847,35.548247],[139.782842,35.54826],[139.782844,35.548273],[139.782851,35.548285],[139.782862,35.548294],[139.782878,35.548299],[139.782894,35.548299],[139.782909,35.548295],[139.783098,35.548385],[139.782988,35.548544],[139.783038,35.548699],[139.782805,35.548648],[139.782796,35.548637],[139.782783,35.548629],[139.782768,35.548625],[139.782751,35.548626],[139.782737,35.548632],[139.782729,35.548639],[139.782726,35.548642],[139.78272,35.548654],[139.78272,35.548667],[139.782725,35.54868],[139.782736,35.54869],[139.78275,35.548696],[139.782766,35.548698],[139.782782,35.548694],[139.782795,35.548687],[139.783053,35.548744],[139.783114,35.548934],[139.782907,35.548981],[139.782892,35.548975],[139.782876,35.548974],[139.78286,35.548977],[139.782847,35.548985],[139.782838,35.548996],[139.782835,35.549008],[139.782837,35.549022],[139.782845,35.549033],[139.782858,35.549041],[139.782873,35.549046],[139.782889,35.549045],[139.782904,35.54904],[139.782916,35.549031],[139.782923,35.549019],[139.783127,35.548974],[139.783133,35.548992],[139.783412,35.549121],[139.783046,35.549639],[139.782985,35.549725],[139.782924,35.549811],[139.782867,35.549892],[139.782751,35.550054],[139.782562,35.549967],[139.782557,35.549954],[139.782547,35.549944],[139.782533,35.549937],[139.782517,35.549935],[139.782501,35.549938],[139.782488,35.549945],[139.782478,35.549955],[139.782474,35.549968],[139.782475,35.549981],[139.782482,35.549993],[139.782494,35.550002],[139.782509,35.550007],[139.782525,35.550007],[139.78254,35.550003],[139.782725,35.55009],[139.782318,35.550665],[139.782126,35.550575],[139.782121,35.550562],[139.78211,35.550552],[139.782097,35.550546],[139.782081,35.550543],[139.782065,35.550546],[139.782051,35.550553],[139.782042,35.550564],[139.782037,35.550576],[139.782038,35.550589],[139.782046,35.550601],[139.782057,35.55061],[139.782072,35.550615],[139.782088,35.550615],[139.782104,35.550611],[139.782293,35.550701],[139.782261,35.550745],[139.782202,35.550829],[139.782191,35.550846],[139.781965,35.551162],[139.781804,35.55139],[139.781529,35.551261],[139.781218,35.551327],[139.781152,35.55114],[139.781159,35.551129],[139.781161,35.551116],[139.781157,35.551103],[139.781147,35.551092],[139.781133,35.551085],[139.781118,35.551082],[139.781102,35.551084],[139.781088,35.551091],[139.781077,35.551101],[139.781072,35.551114],[139.781073,35.551127],[139.78108,35.551139],[139.781091,35.551148],[139.781106,35.551154],[139.781168,35.551337],[139.781142,35.551343],[139.780818,35.551215],[139.780813,35.551202],[139.780802,35.551192],[139.780788,35.551186],[139.780772,35.551185],[139.780756,35.551188],[139.780743,35.551196],[139.780734,35.551207],[139.78073,35.551219],[139.780732,35.551232],[139.78074,35.551244],[139.780752,35.551252],[139.780768,35.551257],[139.780784,35.551256],[139.780799,35.551251],[139.781066,35.551359],[139.780968,35.551379],[139.780845,35.551553],[139.78055,35.551609],[139.780552,35.5516],[139.780549,35.551588],[139.780545,35.551581],[139.780538,35.551576],[139.780529,35.55157],[139.78052,35.551568],[139.780511,35.551568],[139.780492,35.55157],[139.78048,35.551576],[139.780427,35.551645],[139.780424,35.551652],[139.780423,35.551664],[139.780424,35.551671],[139.780429,35.551679],[139.780443,35.551689],[139.780457,35.551693],[139.780468,35.551693],[139.78048,35.551691],[139.780493,35.551685],[139.780502,35.551677],[139.780795,35.551623],[139.780788,35.551633],[139.780828,35.551652],[139.78062,35.551751],[139.780604,35.551748],[139.780588,35.55175],[139.780574,35.551756],[139.780563,35.551766],[139.780558,35.551779],[139.780558,35.551792],[139.780564,35.551804],[139.780575,35.551814],[139.78059,35.55182],[139.780606,35.551821],[139.780622,35.551817],[139.780635,35.551809],[139.780643,35.551798],[139.780646,35.551785],[139.780878,35.551676],[139.781434,35.551938],[139.781195,35.552027],[139.78118,35.552023],[139.781164,35.552023],[139.781149,35.552028],[139.781137,35.552038],[139.78113,35.55205],[139.781129,35.552063],[139.781134,35.552075],[139.781144,35.552086],[139.781157,35.552093],[139.781173,35.552095],[139.781189,35.552093],[139.781203,35.552086],[139.781213,35.552076],[139.781218,35.552063],[139.781487,35.551963],[139.781666,35.552047],[139.781664,35.552279],[139.781653,35.552289],[139.781647,35.552301],[139.781646,35.552314],[139.781652,35.552326],[139.781662,35.552336],[139.781677,35.552342],[139.781693,35.552344],[139.781708,35.552341],[139.781722,35.552334],[139.781731,35.552323],[139.781735,35.55231],[139.781733,35.552297],[139.781725,35.552285],[139.781713,35.552277],[139.781712,35.552069],[139.782132,35.552267],[139.78219,35.552294]]]}},{"type":"Feature","properties":{"aeroway":"taxiway","surface":"asphalt"},"geometry":{"type":"LineString","coordinates":[[139.79915,35.541808],[139.799254,35.541832],[139.79933,35.541843],[139.79939,35.541847],[139.799467,35.541842],[139.799562,35.54183],[139.799639,35.54181],[139.799709,35.541787],[139.799774,35.541754],[139.799857,35.541704],[139.799913,35.541659]]}},{"type":"Feature","properties":{"aeroway":"taxiway","surface":"asphalt"},"geometry":{"type":"LineString","coordinates":[[139.799362,35.542432],[139.799385,35.542363],[139.799395,35.542326],[139.799402,35.542263],[139.799399,35.542212],[139.799395,35.542156],[139.79938,35.542096],[139.799358,35.542043],[139.799323,35.541987],[139.799277,35.541919],[139.79923,35.541867],[139.79915,35.541808]]}},{"type":"Feature","properties":{"aeroway":"taxiway","surface":"asphalt"},"geometry":{"type":"LineString","coordinates":[[139.756312,35.551812],[139.756741,35.552317],[139.756804,35.552382]]}},{"type":"Feature","properties":{"aeroway":"taxiway","surface":"asphalt"},"geometry":{"type":"LineString","coordinates":[[139.774262,35.558861],[139.774182,35.558844],[139.774101,35.558834],[139.774019,35.558833],[139.773938,35.558841],[139.77386,35.558858],[139.773784,35.558883],[139.773714,35.558916],[139.77365,35.558957],[139.773576,35.559024]]}},{"type":"Feature","properties":{"aeroway":"taxiway","surface":"asphalt"},"geometry":{"type":"LineString","coordinates":[[139.771161,35.553439],[139.771244,35.553474]]}},{"type":"Feature","properties":{"aeroway":"runway","ref":"16R/34L","surface":"asphalt"},"geometry":{"type":"LineString","coordinates":[[139.768826,35.560327],[139.768995,35.560084],[139.769068,35.55998]]}},{"type":"Feature","properties":{"aeroway":"runway","ref":"16L/34R","name":"東京国際空港C滑走路","surface":"asphalt"},"geometry":{"type":"LineString","coordinates":[[139.805119,35.539712],[139.805043,35.539819],[139.804759,35.540219],[139.803143,35.542511]]}},{"type":"Feature","properties":{"aeroway":"taxiway","surface":"asphalt"},"geometry":{"type":"LineString","coordinates":[[139.775819,35.563198],[139.77589,35.563189],[139.775934,35.563188],[139.77598,35.563189],[139.776031,35.563193],[139.776087,35.563201],[139.776154,35.563218],[139.776192,35.563233],[139.776246,35.56325]]}},{"type":"Feature","properties":{"aeroway":"taxiway","surface":"asphalt"},"geometry":{"type":"LineString","coordinates":[[139.775213,35.563305],[139.775272,35.563284],[139.775328,35.563258],[139.775381,35.563229],[139.77543,35.563195],[139.775475,35.563158],[139.775516,35.563118],[139.775552,35.563074],[139.775582,35.563028],[139.775607,35.56298],[139.775627,35.56293],[139.77564,35.562879],[139.775648,35.562828],[139.77565,35.562775],[139.775645,35.562723],[139.775634,35.562672],[139.775618,35.562621],[139.77557,35.562535]]}},{"type":"Feature","properties":{"aeroway":"taxiway","surface":"asphalt"},"geometry":{"type":"LineString","coordinates":[[139.774672,35.563407],[139.774599,35.56343],[139.77453,35.563462],[139.774457,35.563503],[139.774397,35.563544],[139.774349,35.56359],[139.774309,35.56364],[139.774273,35.563693],[139.774248,35.56374],[139.774225,35.563805],[139.774215,35.563859],[139.774211,35.563917],[139.774212,35.56397],[139.774222,35.564014],[139.774245,35.564091],[139.77427,35.564138],[139.77429,35.564174],[139.774315,35.564219]]}},{"type":"Feature","properties":{"aeroway":"taxiway","surface":"asphalt"},"geometry":{"type":"LineString","coordinates":[[139.772866,35.563735],[139.772958,35.563704],[139.773031,35.563668],[139.773088,35.563632],[139.773144,35.563589],[139.773185,35.563549],[139.77322,35.563506],[139.773254,35.56345],[139.773281,35.563397],[139.773302,35.56334],[139.77331,35.56329],[139.773316,35.563243],[139.773317,35.563194],[139.773316,35.563144],[139.77331,35.563093],[139.773293,35.56304],[139.773244,35.562959]]}},{"type":"Feature","properties":{"aeroway":"taxiway","surface":"asphalt"},"geometry":{"type":"LineString","coordinates":[[139.772248,35.563849],[139.772142,35.563878],[139.772071,35.563907],[139.772004,35.563943],[139.771943,35.563986],[139.771885,35.564033],[139.771839,35.564089],[139.771803,35.564143],[139.77177,35.564205],[139.77175,35.56426],[139.771742,35.564323],[139.77174,35.564384],[139.771743,35.564441],[139.771751,35.564493],[139.771766,35.56454],[139.771816,35.564642]]}},{"type":"Feature","properties":{"aeroway":"taxiway","ref":"Q1","surface":"asphalt"},"geometry":{"type":"LineString","coordinates":[[139.770773,35.56432],[139.77084,35.564294],[139.7709,35.564272],[139.770964,35.564256],[139.771033,35.564246],[139.771102,35.564241],[139.771168,35.564241],[139.771243,35.564249],[139.771304,35.564259],[139.771369,35.564274],[139.771425,35.564295],[139.771479,35.564321],[139.77154,35.564357],[139.771583,35.564384],[139.771633,35.564425],[139.771688,35.564488],[139.771816,35.564642],[139.77225,35.565195],[139.772679,35.565702],[139.773136,35.566235],[139.773414,35.56653],[139.774505,35.56776],[139.774724,35.568026]]}},{"type":"Feature","properties":{"aeroway":"taxiway","surface":"asphalt"},"geometry":{"type":"LineString","coordinates":[[139.774724,35.568026],[139.774797,35.568093],[139.774846,35.568125],[139.774899,35.568154],[139.774954,35.568178],[139.775012,35.568199],[139.775072,35.568215],[139.775134,35.568226],[139.775197,35.568233],[139.77526,35.568235],[139.775323,35.568232],[139.775386,35.568225],[139.775447,35.568213],[139.775507,35.568196],[139.775565,35.568175],[139.775621,35.568151]]}},{"type":"Feature","properties":{"aeroway":"taxiway","surface":"asphalt"},"geometry":{"type":"LineString","coordinates":[[139.773861,35.568566],[139.77397,35.568568],[139.774057,35.56856],[139.774128,35.568542],[139.774204,35.568516],[139.774277,35.568484],[139.774348,35.568445],[139.774404,35.568401],[139.774453,35.568351],[139.774496,35.568298],[139.774531,35.56824],[139.774558,35.56818],[139.774576,35.568118],[139.774585,35.568055],[139.774586,35.568004],[139.774574,35.567928],[139.774558,35.567874],[139.774531,35.567809],[139.774505,35.56776]]}},{"type":"Feature","properties":{"aeroway":"taxiway","ref":"B","surface":"asphalt"},"geometry":{"type":"LineString","coordinates":[[139.774335,35.5611],[139.775492,35.562441],[139.77557,35.562535],[139.776045,35.56309]]}},{"type":"Feature","properties":{"aeroway":"taxiway","surface":"asphalt"},"geometry":{"type":"LineString","coordinates":[[139.775819,35.563198],[139.775889,35.563171],[139.775958,35.563144],[139.776008,35.563115],[139.776045,35.56309]]}},{"type":"Feature","properties":{"aeroway":"taxiway","ref":"B12","surface":"asphalt"},"geometry":{"type":"LineString","coordinates":[[139.773771,35.56357],[139.774672,35.563407],[139.774745,35.563393],[139.774835,35.563376],[139.775213,35.563305],[139.775819,35.563198]]}},{"type":"Feature","properties":{"aeroway":"taxiway","surface":"asphalt"},"geometry":{"type":"LineString","coordinates":[[139.769316,35.565213],[139.769441,35.565017],[139.769473,35.564963],[139.769495,35.564913],[139.769511,35.564854],[139.76952,35.564791],[139.76952,35.564727],[139.769514,35.564675],[139.7695,35.56462],[139.769483,35.564575],[139.769458,35.564532],[139.769424,35.564483]]}},{"type":"Feature","properties":{"aeroway":"taxiway","surface":"asphalt"},"geometry":{"type":"LineString","coordinates":[[139.769424,35.564483],[139.769479,35.564524],[139.769522,35.564553],[139.769574,35.564584],[139.769629,35.564613],[139.769689,35.564637],[139.76975,35.564654],[139.769823,35.564671],[139.769894,35.564678],[139.769987,35.564678],[139.770075,35.564668],[139.770148,35.564653],[139.770206,35.564631],[139.770263,35.564612]]}},{"type":"Feature","properties":{"aeroway":"taxiway","surface":"asphalt"},"geometry":{"type":"LineString","coordinates":[[139.769916,35.562374],[139.769971,35.562319],[139.770008,35.562283],[139.770055,35.562251],[139.770116,35.562216],[139.770187,35.562184],[139.770254,35.562162],[139.770322,35.562145],[139.770381,35.562133],[139.770441,35.56212]]}},{"type":"Feature","properties":{"aeroway":"taxiway","ref":"Q","surface":"asphalt"},"geometry":{"type":"LineString","coordinates":[[139.77011,35.562104],[139.769916,35.562374],[139.769844,35.562473],[139.7691,35.563492],[139.769049,35.563561],[139.769027,35.563614],[139.769001,35.563672],[139.768989,35.563743],[139.768982,35.563818],[139.768989,35.563875],[139.769008,35.563946],[139.769037,35.564012],[139.769083,35.564085],[139.769424,35.564483]]}},{"type":"Feature","properties":{"aeroway":"taxiway","ref":"Q1","surface":"asphalt"},"geometry":{"type":"LineString","coordinates":[[139.770773,35.56432],[139.770263,35.564612],[139.769469,35.56507],[139.769414,35.565111],[139.769374,35.565149],[139.769316,35.565213]]}},{"type":"Feature","properties":{"aeroway":"taxiway","ref":"T12","surface":"asphalt"},"geometry":{"type":"LineString","coordinates":[[139.770773,35.56432],[139.771046,35.564168],[139.771179,35.56409],[139.771242,35.564054],[139.771301,35.564034],[139.771372,35.564012],[139.771507,35.563986],[139.772248,35.563849],[139.772784,35.563753],[139.772866,35.563735],[139.773771,35.56357]]}},{"type":"Feature","properties":{"aeroway":"taxiway","ref":"Q2","surface":"asphalt"},"geometry":{"type":"LineString","coordinates":[[139.769316,35.565213],[139.769284,35.565267],[139.769257,35.565323],[139.769239,35.565379],[139.76923,35.565422],[139.769226,35.565471],[139.769227,35.565533],[139.769233,35.565576],[139.769246,35.565627],[139.769273,35.56569],[139.769306,35.565744],[139.769341,35.565799],[139.769376,35.565848],[139.7694,35.565877],[139.769567,35.56608],[139.77008,35.566659],[139.77055,35.5672],[139.771007,35.567727],[139.771326,35.568094],[139.771362,35.568141],[139.771405,35.568184],[139.771452,35.568223],[139.771505,35.568258],[139.771562,35.568288],[139.771622,35.568313],[139.771686,35.568332],[139.771751,35.568346],[139.77221,35.568395],[139.773252,35.568488],[139.773861,35.568566],[139.774354,35.56862],[139.77443,35.568628],[139.774507,35.568631],[139.774584,35.568629],[139.77466,35.568621],[139.774736,35.568608],[139.774809,35.56859],[139.774881,35.568567],[139.77495,35.568539],[139.775015,35.568506]]}},{"type":"Feature","properties":{"aeroway":"taxiway","ref":"T14","surface":"asphalt"},"geometry":{"type":"LineString","coordinates":[[139.775015,35.568506],[139.775621,35.568151],[139.776323,35.567743],[139.776475,35.567657],[139.776552,35.567601],[139.776608,35.567554],[139.776658,35.567487],[139.77669,35.567432],[139.776711,35.56738],[139.776732,35.56732],[139.776745,35.567258],[139.776748,35.567196],[139.776743,35.567133],[139.77673,35.567072],[139.776708,35.567012],[139.776677,35.566955]]}},{"type":"Feature","properties":{"aeroway":"taxiway","ref":"B","surface":"asphalt"},"geometry":{"type":"LineString","coordinates":[[139.776045,35.56309],[139.776154,35.563218],[139.777839,35.565183],[139.778178,35.565578],[139.7785,35.565952],[139.77881,35.566315],[139.779099,35.566651]]}},{"type":"Feature","properties":{"aeroway":"apron"},"geometry":{"type":"Polygon","coordinates":[[[139.7597,35.563654],[139.759003,35.563263],[139.758963,35.563309],[139.758196,35.562877],[139.758153,35.562934],[139.757705,35.562692],[139.757689,35.562705],[139.756962,35.562292],[139.7569,35.562347],[139.756456,35.562099],[139.756914,35.561523],[139.757082,35.561615],[139.757143,35.561541],[139.757541,35.56176],[139.760625,35.558075],[139.761059,35.558323],[139.760965,35.558437],[139.761111,35.558516],[139.761059,35.558572],[139.761298,35.558702],[139.76125,35.558755],[139.7614,35.558838],[139.761342,35.558901],[139.76157,35.559023],[139.761512,35.559094],[139.761743,35.559219],[139.761685,35.559281],[139.761832,35.559369],[139.759189,35.562495],[139.759494,35.562674],[139.759532,35.562622],[139.760229,35.563024],[139.7597,35.563654]]]}},{"type":"Feature","properties":{"aeroway":"taxiway","surface":"asphalt"},"geometry":{"type":"LineString","coordinates":[[139.761265,35.557498],[139.761184,35.557703],[139.761095,35.557916]]}},{"type":"Feature","properties":{"aeroway":"taxiway","surface":"asphalt"},"geometry":{"type":"LineString","coordinates":[[139.761674,35.558273],[139.761621,35.558232],[139.761575,35.558201],[139.761526,35.558174],[139.761474,35.558152],[139.761418,35.558134],[139.761361,35.558121],[139.761302,35.558114],[139.761243,35.558111],[139.761184,35.558114],[139.761125,35.558122],[139.761068,35.558135],[139.761013,35.558153],[139.760961,35.558176],[139.760912,35.558203],[139.760832,35.558274]]}},{"type":"Feature","properties":{"aeroway":"taxiway","surface":"asphalt"},"geometry":{"type":"LineString","coordinates":[[139.761054,35.557565],[139.761087,35.557625],[139.761107,35.557672],[139.761119,35.557719],[139.76112,35.557757],[139.761122,35.557804],[139.761117,35.557832],[139.761107,35.557864],[139.761095,35.557916]]}},{"type":"Feature","properties":{"aeroway":"taxiway","surface":"asphalt"},"geometry":{"type":"LineString","coordinates":[[139.764094,35.556182],[139.764024,35.55614],[139.763978,35.55612],[139.763919,35.556098],[139.763853,35.556078],[139.763801,35.556069],[139.763741,35.556062],[139.763685,35.55606],[139.763625,35.556061],[139.76356,35.556065],[139.763497,35.556077],[139.763432,35.556095],[139.763364,35.556121],[139.763268,35.55617]]}},{"type":"Feature","properties":{"aeroway":"taxiway","surface":"asphalt"},"geometry":{"type":"LineString","coordinates":[[139.763114,35.556261],[139.763168,35.556214],[139.763209,35.556176],[139.763244,35.556135],[139.763271,35.556096],[139.763295,35.556054],[139.763311,35.556019],[139.763329,35.555975],[139.76334,35.555934],[139.763346,35.555887],[139.76335,35.555838],[139.763344,35.555792],[139.763332,35.555732],[139.76332,35.555692],[139.763296,35.555637],[139.763275,35.555597],[139.763252,35.555564],[139.763226,35.555529],[139.763192,35.555492]]}},{"type":"Feature","properties":{"aeroway":"taxiway","surface":"asphalt"},"geometry":{"type":"LineString","coordinates":[[139.762638,35.559398],[139.76268,35.559435],[139.762729,35.559468],[139.762782,35.559496],[139.762837,35.559521],[139.762895,35.559541],[139.762955,35.559557],[139.763017,35.559568],[139.76308,35.559575],[139.763143,35.559577],[139.763206,35.559575],[139.763268,35.559567],[139.76333,35.559555],[139.76339,35.559539],[139.763448,35.559518],[139.763504,35.559494]]}},{"type":"Feature","properties":{"aeroway":"taxiway","ref":"T6","surface":"asphalt"},"geometry":{"type":"LineString","coordinates":[[139.76631,35.557871],[139.765839,35.558148],[139.765696,35.55823],[139.763504,35.559494]]}},{"type":"Feature","properties":{"aeroway":"taxiway","surface":"asphalt"},"geometry":{"type":"LineString","coordinates":[[139.760648,35.55708],[139.760711,35.557132],[139.760779,35.557175],[139.760852,35.55721],[139.76093,35.557237],[139.761012,35.557257],[139.761084,35.557265],[139.761161,35.557268],[139.761234,35.557265],[139.761303,35.557255],[139.761366,35.55724],[139.761427,35.55722],[139.76148,35.557199]]}},{"type":"Feature","properties":{"aeroway":"taxiway","surface":"asphalt"},"geometry":{"type":"LineString","coordinates":[[139.76148,35.557199],[139.761435,35.557239],[139.761398,35.557271],[139.76136,35.557317],[139.761322,35.557368],[139.76129,35.557432],[139.761265,35.557498],[139.761254,35.557577],[139.761255,35.557631],[139.761257,35.557682],[139.761267,35.557732],[139.761285,35.55778],[139.76131,35.557831],[139.761338,35.557878]]}},{"type":"Feature","properties":{"aeroway":"taxiway","surface":"asphalt"},"geometry":{"type":"LineString","coordinates":[[139.763268,35.55617],[139.763114,35.556261],[139.761622,35.557118],[139.76148,35.557199]]}},{"type":"Feature","properties":{"aeroway":"taxiway","surface":"asphalt"},"geometry":{"type":"LineString","coordinates":[[139.759552,35.555702],[139.759578,35.555793],[139.759617,35.555865],[139.759668,35.555934],[139.759703,35.555976],[139.759742,35.556024]]}},{"type":"Feature","properties":{"aeroway":"taxiway","surface":"asphalt"},"geometry":{"type":"LineString","coordinates":[[139.759742,35.556024],[139.760115,35.556459],[139.760648,35.55708],[139.761054,35.557565],[139.761184,35.557703],[139.761338,35.557878],[139.761674,35.558273],[139.762638,35.559398]]}},{"type":"Feature","properties":{"aeroway":"taxiway","ref":"A9","surface":"asphalt"},"geometry":{"type":"LineString","coordinates":[[139.778094,35.548304],[139.778268,35.548385],[139.778375,35.548436],[139.778822,35.548648]]}},{"type":"Feature","properties":{"aeroway":"taxiway","ref":"B13","surface":"asphalt"},"geometry":{"type":"LineString","coordinates":[[139.776048,35.566222],[139.776124,35.566285],[139.776214,35.566335],[139.776346,35.566379],[139.776494,35.566399],[139.776654,35.566393],[139.776789,35.566362],[139.776902,35.56631],[139.777064,35.566213],[139.777133,35.566174],[139.777709,35.565844],[139.778054,35.565648],[139.778178,35.565578],[139.778657,35.565309],[139.779541,35.564813]]}},{"type":"Feature","properties":{"aeroway":"terminal"},"geometry":{"type":"Polygon","coordinates":[[[139.770312,35.548973],[139.770466,35.549047],[139.770505,35.549161],[139.770493,35.549177],[139.770433,35.54926],[139.770392,35.549316],[139.770493,35.549365],[139.770534,35.549309],[139.770594,35.549226],[139.770613,35.5492],[139.77076,35.549181],[139.771092,35.54934],[139.771256,35.549114],[139.771124,35.549051],[139.771094,35.548816],[139.771126,35.548764],[139.771035,35.548727],[139.770996,35.548792],[139.771054,35.548815],[139.77108,35.54903],[139.77054,35.548772],[139.770534,35.54856],[139.770571,35.548503],[139.770465,35.548457],[139.770425,35.548519],[139.770477,35.548541],[139.770478,35.548742],[139.770312,35.548973]]]}},{"type":"Feature","properties":{"aeroway":"taxiway","surface":"asphalt"},"geometry":{"type":"LineString","coordinates":[[139.761095,35.557916],[139.760832,35.558274],[139.760392,35.558794],[139.759934,35.559334],[139.759478,35.559873],[139.759026,35.560406],[139.758582,35.560931],[139.75827,35.561298],[139.757961,35.561663],[139.757882,35.561757]]}},{"type":"Feature","properties":{"aeroway":"runway","ref":"16L/34R","name":"東京国際空港C滑走路","surface":"asphalt"},"geometry":{"type":"LineString","coordinates":[[139.786559,35.565866],[139.78693,35.565338],[139.787186,35.564982],[139.787492,35.564552],[139.788242,35.563502],[139.788676,35.562894]]}},{"type":"Feature","properties":{"aeroway":"taxiway","surface":"asphalt"},"geometry":{"type":"LineString","coordinates":[[139.773377,35.558417],[139.773426,35.558457],[139.773456,35.55848],[139.773466,35.558487],[139.77351,35.558515]]}},{"type":"Feature","properties":{"aeroway":"taxiway","surface":"asphalt"},"geometry":{"type":"LineString","coordinates":[[139.769803,35.561937],[139.769835,35.561985],[139.769858,35.562028],[139.769876,35.562073],[139.76989,35.562117],[139.769901,35.56216],[139.769906,35.562203],[139.769907,35.562254],[139.769904,35.562298],[139.769894,35.562351],[139.769878,35.562398],[139.769864,35.562432],[139.769844,35.562473]]}},{"type":"Feature","properties":{"aeroway":"apron"},"geometry":{"type":"Polygon","coordinates":[[[139.798135,35.538882],[139.798041,35.538841],[139.797327,35.539852],[139.797424,35.5399],[139.796796,35.540786],[139.796763,35.540773],[139.79672,35.540831],[139.796746,35.540844],[139.794093,35.544578],[139.793287,35.544191],[139.795935,35.540472],[139.795476,35.540247],[139.795602,35.540075],[139.795503,35.540029],[139.797816,35.536792],[139.799067,35.537386],[139.799055,35.537405],[139.799149,35.537449],[139.798135,35.538882]]]}},{"type":"Feature","properties":{"aeroway":"taxiway","ref":"C9","surface":"asphalt"},"geometry":{"type":"LineString","coordinates":[[139.792838,35.555092],[139.792632,35.555186],[139.792548,35.555227],[139.792483,35.55525],[139.792403,35.555268],[139.792321,35.555278],[139.792238,35.55528],[139.792156,35.555275],[139.792074,35.555261],[139.79201,35.555246],[139.791967,35.55523],[139.791663,35.555087]]}},{"type":"Feature","properties":{"aeroway":"taxiway","surface":"asphalt"},"geometry":{"type":"LineString","coordinates":[[139.760947,35.549362],[139.761019,35.549336],[139.761107,35.549313],[139.761212,35.54931],[139.761277,35.549314],[139.761344,35.54932],[139.761419,35.549332],[139.761486,35.549354],[139.761554,35.549388],[139.761606,35.549422],[139.761651,35.549452],[139.761662,35.54946]]}},{"type":"Feature","properties":{"aeroway":"taxiway","surface":"asphalt"},"geometry":{"type":"LineString","coordinates":[[139.761662,35.54946],[139.761646,35.549412],[139.761626,35.549354],[139.761615,35.549294],[139.761612,35.549234],[139.761617,35.549174],[139.761625,35.54912],[139.761645,35.549061],[139.761682,35.548986],[139.761728,35.54893],[139.761792,35.548878]]}},{"type":"Feature","properties":{"aeroway":"taxiway","surface":"asphalt"},"geometry":{"type":"LineString","coordinates":[[139.765966,35.551223],[139.76598,35.5513],[139.766002,35.551357],[139.766047,35.551441]]}},{"type":"Feature","properties":{"aeroway":"taxiway","surface":"asphalt"},"geometry":{"type":"LineString","coordinates":[[139.769173,35.556233],[139.769091,35.556276]]}},{"type":"Feature","properties":{"aeroway":"taxiway","surface":"asphalt"},"geometry":{"type":"LineString","coordinates":[[139.769243,35.556192],[139.769173,35.556233],[139.769123,35.556299]]}},{"type":"Feature","properties":{"aeroway":"taxiway","ref":"B7","surface":"asphalt"},"geometry":{"type":"LineString","coordinates":[[139.769123,35.556299],[139.769097,35.556333],[139.769058,35.556399],[139.769034,35.556459],[139.76902,35.55651],[139.769011,35.556575],[139.76901,35.556583],[139.769011,35.556647]]}},{"type":"Feature","properties":{"aeroway":"taxiway","ref":"B7","surface":"asphalt"},"geometry":{"type":"LineString","coordinates":[[139.769243,35.556192],[139.769188,35.556236],[139.769157,35.556267],[139.769123,35.556299]]}},{"type":"Feature","properties":{"aeroway":"taxiway","surface":"asphalt"},"geometry":{"type":"LineString","coordinates":[[139.766298,35.553006],[139.766362,35.55295],[139.766415,35.5529]]}},{"type":"Feature","properties":{"aeroway":"taxiway","surface":"asphalt"},"geometry":{"type":"LineString","coordinates":[[139.76646,35.552911],[139.766397,35.55296],[139.766356,35.553],[139.766303,35.553051]]}},{"type":"Feature","properties":{"aeroway":"taxiway","surface":"asphalt"},"geometry":{"type":"LineString","coordinates":[[139.771654,35.551745],[139.771579,35.551724],[139.771517,35.551713],[139.771461,35.551708],[139.7714,35.551707],[139.771326,35.551716],[139.77125,35.551731],[139.771182,35.551755],[139.771129,35.55178],[139.771078,35.551811],[139.77104,35.551841],[139.770979,35.551897]]}},{"type":"Feature","properties":{"aeroway":"taxiway","surface":"asphalt"},"geometry":{"type":"LineString","coordinates":[[139.771478,35.551189],[139.771449,35.551262],[139.771435,35.551318],[139.771431,35.551362],[139.771433,35.551414],[139.771439,35.551464],[139.771456,35.551516],[139.771478,35.551561],[139.771502,35.551601],[139.771537,35.551648],[139.771584,35.551691],[139.771654,35.551745]]}},{"type":"Feature","properties":{"aeroway":"taxiway","surface":"asphalt"},"geometry":{"type":"LineString","coordinates":[[139.771742,35.551786],[139.771801,35.551803],[139.771859,35.551817],[139.771915,35.551826],[139.771975,35.551829],[139.772037,35.551826],[139.772098,35.55182],[139.772166,35.551805],[139.772232,35.551785],[139.77229,35.551756],[139.772336,35.551728],[139.772424,35.551659]]}},{"type":"Feature","properties":{"aeroway":"taxiway","ref":"L12","surface":"asphalt"},"geometry":{"type":"LineString","coordinates":[[139.772011,35.552238],[139.771989,35.5523],[139.771969,35.55236]]}},{"type":"Feature","properties":{"aeroway":"taxiway","surface":"asphalt"},"geometry":{"type":"LineString","coordinates":[[139.771976,35.55224],[139.771952,35.5523],[139.771922,35.552364]]}},{"type":"Feature","properties":{"aeroway":"taxiway","surface":"asphalt"},"geometry":{"type":"LineString","coordinates":[[139.771976,35.55224],[139.771975,35.552288],[139.771969,35.55236]]}},{"type":"Feature","properties":{"aeroway":"taxiway","surface":"asphalt"},"geometry":{"type":"LineString","coordinates":[[139.771742,35.551786],[139.771791,35.551818],[139.771839,35.551852],[139.771876,35.551889],[139.771909,35.55193],[139.771933,35.551971],[139.771954,35.552016],[139.771968,35.552056],[139.771978,35.5521],[139.771982,35.552152],[139.77198,35.552208],[139.771976,35.55224]]}},{"type":"Feature","properties":{"aeroway":"taxiway","surface":"asphalt"},"geometry":{"type":"LineString","coordinates":[[139.770711,35.551296],[139.771229,35.551542],[139.771654,35.551745],[139.771673,35.551754],[139.771742,35.551786]]}},{"type":"Feature","properties":{"aeroway":"taxiway","ref":"A8","surface":"asphalt"},"geometry":{"type":"LineString","coordinates":[[139.779453,35.547985],[139.779378,35.547952],[139.779333,35.547929],[139.779289,35.547897],[139.779242,35.547861],[139.779197,35.547817],[139.779154,35.547764],[139.779123,35.547729],[139.779094,35.547666],[139.779072,35.547612],[139.779057,35.547547]]}},{"type":"Feature","properties":{"aeroway":"terminal","name":"ボーディングステーション 506"},"geometry":{"type":"Polygon","coordinates":[[[139.786543,35.559422],[139.786466,35.559384],[139.786396,35.559384],[139.786398,35.559424],[139.786264,35.559435],[139.786254,35.55932],[139.78648,35.559305],[139.78659,35.559362],[139.786543,35.559422]]]}},{"type":"Feature","properties":{"aeroway":"terminal","name":"ボーディングステーション 504"},"geometry":{"type":"Polygon","coordinates":[[[139.785233,35.561275],[139.785156,35.561237],[139.785086,35.561237],[139.785088,35.561277],[139.784954,35.561288],[139.784944,35.561172],[139.78517,35.561158],[139.78528,35.561215],[139.785233,35.561275]]]}},{"type":"Feature","properties":{"aeroway":"terminal","name":"ボーディングステーション 503"},"geometry":{"type":"Polygon","coordinates":[[[139.784842,35.561822],[139.784765,35.561784],[139.784696,35.561784],[139.784698,35.561824],[139.784564,35.561836],[139.784554,35.56172],[139.78478,35.561705],[139.784889,35.561763],[139.784842,35.561822]]]}},{"type":"Feature","properties":{"aeroway":"terminal","name":"ビジネスジェット専用ゲート"},"geometry":{"type":"Polygon","coordinates":[[[139.766024,35.547392],[139.76595,35.547355],[139.765822,35.54754],[139.765209,35.547263],[139.765168,35.54724],[139.765112,35.547244],[139.765057,35.547232],[139.765008,35.547204],[139.76497,35.547174],[139.764994,35.547136],[139.765029,35.547171],[139.765077,35.547196],[139.765132,35.547207],[139.765188,35.547203],[139.765244,35.547184],[139.765289,35.54715],[139.765317,35.547106],[139.765389,35.54699],[139.766009,35.547271],[139.765997,35.547289],[139.766072,35.547323],[139.766024,35.547392]]]}},{"type":"Feature","properties":{"aeroway":"taxiway","ref":"P","surface":"asphalt"},"geometry":{"type":"LineString","coordinates":[[139.773643,35.548154],[139.773404,35.548479],[139.773162,35.548828],[139.773108,35.548899],[139.772342,35.549968]]}},{"type":"Feature","properties":{"aeroway":"taxiway","ref":"P","surface":"asphalt"},"geometry":{"type":"LineString","coordinates":[[139.772342,35.549968],[139.772083,35.550339]]}},{"type":"Feature","properties":{"aeroway":"taxiway","surface":"asphalt"},"geometry":{"type":"LineString","coordinates":[[139.780108,35.549824],[139.780167,35.54971],[139.780195,35.549598],[139.780193,35.54949],[139.780176,35.549444],[139.780144,35.549372],[139.780112,35.549318],[139.780048,35.549256],[139.780016,35.549236],[139.779888,35.549154]]}},{"type":"Feature","properties":{"aeroway":"taxiway","surface":"asphalt"},"geometry":{"type":"LineString","coordinates":[[139.780686,35.548997],[139.780599,35.549097],[139.780497,35.549165],[139.780375,35.549213],[139.78025,35.549228],[139.780147,35.54923],[139.780057,35.549213],[139.780037,35.549207],[139.779982,35.549191],[139.779888,35.549154]]}},{"type":"Feature","properties":{"aeroway":"taxiway","surface":"asphalt"},"geometry":{"type":"LineString","coordinates":[[139.77978,35.548479],[139.779687,35.548572],[139.779561,35.548662],[139.779403,35.548722],[139.779267,35.548745],[139.779161,35.548742],[139.779109,35.54874],[139.779058,35.54873],[139.779004,35.548718],[139.778822,35.548648]]}},{"type":"Feature","properties":{"aeroway":"taxiway","surface":"asphalt"},"geometry":{"type":"LineString","coordinates":[[139.779367,35.548906],[139.779232,35.548814],[139.779161,35.548742],[139.779151,35.548732],[139.779094,35.548646],[139.779058,35.54854]]}},{"type":"Feature","properties":{"aeroway":"taxiway","surface":"asphalt"},"geometry":{"type":"LineString","coordinates":[[139.779697,35.548596],[139.779652,35.548698],[139.779644,35.548801],[139.779666,35.5489],[139.779692,35.548968],[139.779751,35.549048],[139.7798,35.549093],[139.779888,35.549154]]}},{"type":"Feature","properties":{"aeroway":"taxiway","surface":"asphalt"},"geometry":{"type":"LineString","coordinates":[[139.779888,35.549154],[139.779785,35.549122],[139.77965,35.549107],[139.779537,35.549118],[139.779391,35.549157],[139.779282,35.549219],[139.779144,35.549375]]}},{"type":"Feature","properties":{"aeroway":"taxiway","ref":"W9","surface":"asphalt"},"geometry":{"type":"LineString","coordinates":[[139.779888,35.549154],[139.780023,35.549227],[139.780391,35.549425]]}},{"type":"Feature","properties":{"aeroway":"taxiway","surface":"asphalt"},"geometry":{"type":"LineString","coordinates":[[139.779144,35.549375],[139.779192,35.549207],[139.779195,35.549062],[139.779152,35.548938],[139.779093,35.54884],[139.779057,35.548807],[139.778998,35.548753],[139.778822,35.548648]]}},{"type":"Feature","properties":{"aeroway":"taxiway","surface":"asphalt"},"geometry":{"type":"LineString","coordinates":[[139.778822,35.548648],[139.779057,35.548759],[139.779367,35.548906],[139.779449,35.548945],[139.779888,35.549154]]}},{"type":"Feature","properties":{"aeroway":"taxiway","ref":"L10","surface":"asphalt"},"geometry":{"type":"LineString","coordinates":[[139.777662,35.547754],[139.777858,35.547583]]}},{"type":"Feature","properties":{"aeroway":"taxiway","surface":"asphalt"},"geometry":{"type":"LineString","coordinates":[[139.777858,35.547583],[139.777787,35.547746],[139.777779,35.547882],[139.777803,35.547999],[139.777882,35.548128],[139.777961,35.548213],[139.778094,35.548304]]}},{"type":"Feature","properties":{"aeroway":"taxiway","surface":"asphalt"},"geometry":{"type":"LineString","coordinates":[[139.777176,35.548558],[139.77727,35.548398],[139.777293,35.548292],[139.777284,35.548156],[139.777275,35.548127],[139.77725,35.548041],[139.777191,35.54794],[139.7771,35.547852],[139.776987,35.547777]]}},{"type":"Feature","properties":{"aeroway":"taxiway","surface":"asphalt"},"geometry":{"type":"LineString","coordinates":[[139.778094,35.548304],[139.778012,35.548271],[139.777895,35.548246],[139.777728,35.548237],[139.777557,35.548262],[139.777414,35.548317],[139.777301,35.548408],[139.777176,35.548558]]}},{"type":"Feature","properties":{"aeroway":"taxiway","surface":"asphalt"},"geometry":{"type":"LineString","coordinates":[[139.777662,35.547754],[139.77757,35.547794],[139.77746,35.547826],[139.777351,35.547836],[139.777237,35.547836],[139.777122,35.547824],[139.776987,35.547777]]}},{"type":"Feature","properties":{"aeroway":"taxiway","ref":"L9","surface":"asphalt"},"geometry":{"type":"LineString","coordinates":[[139.776202,35.547406],[139.776729,35.547654],[139.776808,35.547692],[139.776987,35.547777]]}},{"type":"Feature","properties":{"aeroway":"taxiway","surface":"asphalt"},"geometry":{"type":"LineString","coordinates":[[139.776202,35.547406],[139.776062,35.547358],[139.775928,35.547334],[139.775754,35.547338],[139.775598,35.547376],[139.775473,35.547441],[139.775402,35.547491],[139.775321,35.547571]]}},{"type":"Feature","properties":{"aeroway":"taxiway","surface":"asphalt"},"geometry":{"type":"LineString","coordinates":[[139.775321,35.547571],[139.775402,35.547429],[139.775422,35.547356],[139.775426,35.547289],[139.775421,35.547219],[139.7754,35.547155],[139.775358,35.547082],[139.775311,35.547022],[139.775263,35.546979],[139.775158,35.546916]]}},{"type":"Feature","properties":{"aeroway":"taxiway","surface":"asphalt"},"geometry":{"type":"LineString","coordinates":[[139.776202,35.547406],[139.776074,35.547332],[139.775996,35.547264],[139.77594,35.547179],[139.775898,35.547094],[139.775872,35.546987],[139.775876,35.546889],[139.775894,35.546784],[139.775941,35.54669]]}},{"type":"Feature","properties":{"aeroway":"taxiway","surface":"asphalt"},"geometry":{"type":"LineString","coordinates":[[139.775941,35.54669],[139.775847,35.546813],[139.77579,35.546861],[139.775729,35.546899],[139.775652,35.546934],[139.775548,35.546961],[139.77547,35.54697],[139.775376,35.546972],[139.775283,35.546957],[139.775221,35.54694],[139.775158,35.546916]]}},{"type":"Feature","properties":{"aeroway":"taxiway","surface":"asphalt"},"geometry":{"type":"LineString","coordinates":[[139.774431,35.547044],[139.774498,35.546972],[139.774556,35.546927],[139.774646,35.54689],[139.774732,35.546863],[139.774822,35.546851],[139.774913,35.546852],[139.775007,35.546862],[139.775072,35.546882],[139.775158,35.546916]]}},{"type":"Feature","properties":{"aeroway":"taxiway","surface":"asphalt"},"geometry":{"type":"LineString","coordinates":[[139.775158,35.546916],[139.775082,35.546874],[139.775031,35.546832],[139.774986,35.546795],[139.774944,35.54674],[139.774913,35.546695],[139.774887,35.546646],[139.774868,35.546582],[139.774859,35.546524],[139.774869,35.546461],[139.774887,35.546411],[139.774915,35.546363]]}},{"type":"Feature","properties":{"aeroway":"taxiway","surface":"asphalt"},"geometry":{"type":"LineString","coordinates":[[139.776202,35.547406],[139.775627,35.547136],[139.775158,35.546916]]}},{"type":"Feature","properties":{"aeroway":"taxiway","surface":"asphalt"},"geometry":{"type":"LineString","coordinates":[[139.774826,35.546762],[139.775158,35.546916]]}},{"type":"Feature","properties":{"aeroway":"taxiway","surface":"asphalt"},"geometry":{"type":"LineString","coordinates":[[139.774239,35.546478],[139.774681,35.546692],[139.774826,35.546762]]}},{"type":"Feature","properties":{"aeroway":"taxiway","ref":"L5","surface":"asphalt"},"geometry":{"type":"LineString","coordinates":[[139.780834,35.541796],[139.780834,35.541863],[139.780839,35.542266],[139.780802,35.542648],[139.780779,35.542755],[139.780718,35.543045],[139.780595,35.543445],[139.780394,35.543942],[139.780186,35.544317]]}},{"type":"Feature","properties":{"aeroway":"taxiway","surface":"asphalt"},"geometry":{"type":"LineString","coordinates":[[139.779657,35.541475],[139.779764,35.541381],[139.779906,35.541309],[139.780034,35.541276],[139.780101,35.541266],[139.780242,35.541264],[139.78041,35.541297],[139.78056,35.54136],[139.780678,35.541446],[139.780761,35.541542],[139.780808,35.541641],[139.780825,35.541696],[139.780834,35.541796]]}},{"type":"Feature","properties":{"aeroway":"taxiway","surface":"asphalt"},"geometry":{"type":"LineString","coordinates":[[139.780471,35.539476],[139.780551,35.539531],[139.780604,35.539575],[139.780637,35.53962],[139.780673,35.539679],[139.780702,35.539735],[139.780714,35.539781],[139.780716,35.539839],[139.780716,35.539897],[139.780704,35.53996],[139.780659,35.540055]]}},{"type":"Feature","properties":{"aeroway":"taxiway","surface":"asphalt"},"geometry":{"type":"LineString","coordinates":[[139.784094,35.541451],[139.784262,35.541408],[139.784376,35.541406],[139.784442,35.541409],[139.784486,35.541411],[139.784601,35.541439],[139.784738,35.541496]]}},{"type":"Feature","properties":{"aeroway":"taxiway","surface":"asphalt"},"geometry":{"type":"LineString","coordinates":[[139.78463,35.541288],[139.784423,35.54135],[139.784394,35.541358],[139.784342,35.541374],[139.784094,35.541451]]}},{"type":"Feature","properties":{"aeroway":"taxiway","surface":"asphalt"},"geometry":{"type":"LineString","coordinates":[[139.782951,35.542],[139.783271,35.541846],[139.784094,35.541451]]}},{"type":"Feature","properties":{"aeroway":"taxiway","surface":"asphalt"},"geometry":{"type":"LineString","coordinates":[[139.786388,35.539165],[139.786462,35.539025],[139.786493,35.538907],[139.786488,35.538787],[139.78645,35.538663],[139.786368,35.538546],[139.786265,35.538453],[139.786204,35.53842],[139.786139,35.538386],[139.785978,35.538338],[139.785825,35.538324],[139.785672,35.53834],[139.78552,35.538392]]}},{"type":"Feature","properties":{"aeroway":"taxiway","surface":"asphalt"},"geometry":{"type":"LineString","coordinates":[[139.78764,35.537686],[139.787563,35.537659],[139.787491,35.53764],[139.787471,35.537638],[139.787401,35.537627],[139.787299,35.537623],[139.787207,35.537631],[139.787171,35.537634],[139.787041,35.537673],[139.786897,35.537743],[139.786577,35.537894],[139.78552,35.538392]]}},{"type":"Feature","properties":{"aeroway":"taxiway","surface":"asphalt"},"geometry":{"type":"LineString","coordinates":[[139.783159,35.540128],[139.783113,35.540192]]}},{"type":"Feature","properties":{"aeroway":"taxiway","ref":"A2","surface":"asphalt"},"geometry":{"type":"LineString","coordinates":[[139.78552,35.538392],[139.785085,35.538597],[139.784562,35.538886],[139.78406,35.539237],[139.783666,35.539582],[139.783159,35.540128]]}},{"type":"Feature","properties":{"aeroway":"taxiway","ref":"T6","surface":"asphalt"},"geometry":{"type":"LineString","coordinates":[[139.763022,35.553545],[139.7629,35.553514],[139.762773,35.553503],[139.762646,35.553511],[139.762522,35.55354],[139.762408,35.553587],[139.762307,35.553651]]}},{"type":"Feature","properties":{"aeroway":"taxiway","surface":"asphalt"},"geometry":{"type":"LineString","coordinates":[[139.762307,35.553651],[139.762136,35.553697],[139.761954,35.553702],[139.76176,35.553667],[139.761594,35.55359],[139.76145,35.553464]]}},{"type":"Feature","properties":{"aeroway":"taxiway","surface":"asphalt"},"geometry":{"type":"LineString","coordinates":[[139.772284,35.555454],[139.772362,35.55538],[139.772436,35.55534],[139.77251,35.55531],[139.772605,35.555284],[139.772721,35.555279],[139.772834,35.555288],[139.772922,35.555311],[139.77302,35.555349]]}},{"type":"Feature","properties":{"aeroway":"taxiway","surface":"asphalt"},"geometry":{"type":"LineString","coordinates":[[139.777133,35.566174],[139.777073,35.566223],[139.777024,35.566285],[139.776978,35.566368],[139.776957,35.566462],[139.776951,35.566549],[139.776966,35.566624],[139.777,35.566705],[139.777061,35.566786],[139.77735,35.56712]]}},{"type":"Feature","properties":{"aeroway":"taxiway","surface":"asphalt"},"geometry":{"type":"LineString","coordinates":[[139.778657,35.565309],[139.778504,35.565369],[139.778397,35.565392],[139.778283,35.565396],[139.778172,35.565381],[139.778067,35.565352],[139.77797,35.565298],[139.777839,35.565183]]}},{"type":"Feature","properties":{"aeroway":"taxiway","surface":"asphalt"},"geometry":{"type":"LineString","coordinates":[[139.778351,35.566578],[139.778502,35.566462],[139.778558,35.566378],[139.778581,35.566312],[139.77859,35.566275],[139.778597,35.566189],[139.778587,35.566117],[139.778573,35.566079],[139.7785,35.565952]]}},{"type":"Feature","properties":{"aeroway":"taxiway","surface":"asphalt"},"geometry":{"type":"LineString","coordinates":[[139.779207,35.566085],[139.77911,35.566118],[139.779002,35.566136],[139.778889,35.566134],[139.77879,35.566117],[139.778709,35.566092],[139.778629,35.566053],[139.7785,35.565952]]}},{"type":"Feature","properties":{"aeroway":"taxiway","surface":"asphalt"},"geometry":{"type":"LineString","coordinates":[[139.778657,35.565309],[139.77852,35.5654],[139.778459,35.565471],[139.778417,35.565561],[139.778393,35.565647],[139.778396,35.565734],[139.778417,35.565815],[139.7785,35.565952]]}},{"type":"Feature","properties":{"aeroway":"taxiway","surface":"asphalt"},"geometry":{"type":"LineString","coordinates":[[139.7785,35.565952],[139.778373,35.565839],[139.778298,35.565801],[139.778221,35.565776],[139.778146,35.565756],[139.778066,35.565752],[139.777969,35.565756],[139.777874,35.56577],[139.777709,35.565844]]}},{"type":"Feature","properties":{"aeroway":"taxiway","surface":"asphalt"},"geometry":{"type":"LineString","coordinates":[[139.777839,35.565183],[139.777882,35.565264],[139.777914,35.565346],[139.777921,35.565412],[139.777918,35.565489],[139.777901,35.565571],[139.777873,35.56564],[139.777831,35.565712],[139.777773,35.565781],[139.777709,35.565844]]}},{"type":"Feature","properties":{"aeroway":"taxiway","surface":"asphalt"},"geometry":{"type":"LineString","coordinates":[[139.756913,35.55168],[139.756882,35.551692],[139.756753,35.55173],[139.756625,35.551742],[139.756507,35.551738],[139.756444,35.55173]]}},{"type":"Feature","properties":{"aeroway":"taxiway","ref":"T4","surface":"asphalt"},"geometry":{"type":"LineString","coordinates":[[139.760656,35.551672],[139.760726,35.55163],[139.7608,35.551598],[139.760875,35.551574],[139.760944,35.551559],[139.761032,35.551551],[139.761102,35.551549],[139.761175,35.551554],[139.761253,35.551562],[139.761359,35.551597],[139.761469,35.551646]]}},{"type":"Feature","properties":{"aeroway":"taxiway","surface":"asphalt"},"geometry":{"type":"LineString","coordinates":[[139.759786,35.551525],[139.759879,35.551609],[139.759912,35.551629],[139.75997,35.551666],[139.760091,35.551716],[139.760228,35.551743],[139.760363,35.551751],[139.760485,35.551734],[139.760588,35.551704],[139.760656,35.551672]]}},{"type":"Feature","properties":{"aeroway":"helipad"},"geometry":{"type":"Polygon","coordinates":[[[139.761892,35.578072],[139.761894,35.577906],[139.762096,35.577907],[139.762096,35.578073],[139.761892,35.578072]]]}},{"type":"Feature","properties":{"aeroway":"helipad"},"geometry":{"type":"Polygon","coordinates":[[[139.761862,35.577538],[139.761863,35.577373],[139.762066,35.577374],[139.762065,35.577539],[139.761862,35.577538]]]}},{"type":"Feature","properties":{"aeroway":"hangar","name":"海上保安庁"},"geometry":{"type":"Polygon","coordinates":[[[139.755109,35.557437],[139.755014,35.557123],[139.754935,35.55714],[139.75492,35.557092],[139.754762,35.557125],[139.754532,35.557172],[139.754524,35.557147],[139.75448,35.557156],[139.754498,35.55721],[139.754509,35.557208],[139.754561,35.557371],[139.754612,35.557536],[139.755109,35.557437]]]}},{"type":"Feature","properties":{"aeroway":"taxiway","surface":"paved"},"geometry":{"type":"LineString","coordinates":[[139.757845,35.561798],[139.757824,35.561843],[139.757815,35.561894],[139.75782,35.56195],[139.757837,35.562007],[139.757871,35.562055],[139.757909,35.562095],[139.757964,35.562136],[139.758104,35.562202],[139.758458,35.562367],[139.758813,35.562533],[139.759159,35.562694],[139.759501,35.562854],[139.759799,35.562993]]}},{"type":"Feature","properties":{"aeroway":"taxiway","surface":"asphalt"},"geometry":{"type":"LineString","coordinates":[[139.799268,35.54623],[139.79927,35.546031],[139.799278,35.545294],[139.799272,35.545205],[139.799241,35.545112],[139.799193,35.54504],[139.799181,35.545004],[139.799129,35.544951],[139.799074,35.544905],[139.799022,35.544872],[139.798946,35.544831]]}},{"type":"Feature","properties":{"aeroway":"taxiway","ref":"C4","surface":"asphalt"},"geometry":{"type":"LineString","coordinates":[[139.800077,35.546817],[139.800179,35.546582],[139.800264,35.546347],[139.800373,35.546056],[139.800458,35.545761],[139.800533,35.545405],[139.800562,35.545127],[139.80058,35.544842],[139.800592,35.544564],[139.800592,35.544542],[139.800595,35.544483],[139.800584,35.54278],[139.800583,35.542738],[139.80058,35.542639],[139.800592,35.542553],[139.800601,35.542496]]}},{"type":"Feature","properties":{"aeroway":"taxiway","ref":"C4","surface":"asphalt"},"geometry":{"type":"LineString","coordinates":[[139.800595,35.544483],[139.800573,35.54438],[139.800541,35.544301],[139.8005,35.544236],[139.800447,35.544177],[139.800384,35.544124],[139.800321,35.544078],[139.800253,35.544045],[139.800185,35.544017],[139.8001,35.543995],[139.800015,35.543982],[139.799945,35.543977],[139.799868,35.543979],[139.799805,35.543987],[139.799742,35.544001],[139.799683,35.544017],[139.799624,35.544039],[139.799572,35.544064],[139.799549,35.544077],[139.799519,35.544094],[139.799466,35.544137],[139.799398,35.5442]]}},{"type":"Feature","properties":{"aeroway":"taxiway","surface":"asphalt"},"geometry":{"type":"LineString","coordinates":[[139.800584,35.54278],[139.800583,35.542738],[139.800556,35.542643],[139.800531,35.542594],[139.800496,35.542528],[139.800408,35.54243],[139.800291,35.542349]]}},{"type":"Feature","properties":{"aeroway":"taxiway","surface":"asphalt"},"geometry":{"type":"LineString","coordinates":[[139.799181,35.545004],[139.79914,35.544921],[139.79911,35.544809],[139.799107,35.544732],[139.79912,35.544638],[139.799162,35.544532]]}},{"type":"Feature","properties":{"aeroway":"taxiway","surface":"asphalt"},"geometry":{"type":"LineString","coordinates":[[139.798665,35.545229],[139.798704,35.545165],[139.798726,35.54511],[139.798744,35.545029],[139.798741,35.544948],[139.798728,35.544884],[139.798702,35.544821],[139.798672,35.544774],[139.798625,35.544718],[139.798562,35.544663],[139.798461,35.544603],[139.798382,35.544573],[139.798312,35.544557],[139.798232,35.544548],[139.798163,35.544546],[139.798077,35.544556],[139.798012,35.54457],[139.797947,35.544593],[139.797891,35.544616],[139.797825,35.544658],[139.797744,35.544734]]}},{"type":"Feature","properties":{"aeroway":"taxiway","surface":"asphalt"},"geometry":{"type":"LineString","coordinates":[[139.799191,35.544486],[139.799146,35.544528],[139.799121,35.544549],[139.799078,35.544577],[139.799039,35.5446],[139.798975,35.544627],[139.798909,35.544648],[139.798849,35.544659],[139.798791,35.544666],[139.798721,35.544668],[139.798645,35.54466],[139.798574,35.544647],[139.798461,35.544603],[139.79839,35.54456],[139.798324,35.544511],[139.798285,35.544469],[139.798255,35.544424],[139.798231,35.544377],[139.798212,35.54433],[139.7982,35.544276],[139.798194,35.54422],[139.798198,35.544165],[139.798208,35.544115],[139.798239,35.544035]]}},{"type":"Feature","properties":{"aeroway":"taxiway","ref":"E4","surface":"asphalt"},"geometry":{"type":"LineString","coordinates":[[139.798946,35.544831],[139.798461,35.544603]]}},{"type":"Feature","properties":{"aeroway":"taxiway","surface":"paved"},"geometry":{"type":"LineString","coordinates":[[139.757964,35.562136],[139.757765,35.562041],[139.757418,35.561876]]}},{"type":"Feature","properties":{"aeroway":"runway","ref":"34R/16L","surface":"asphalt"},"geometry":{"type":"LineString","coordinates":[[139.805462,35.539232],[139.786232,35.566328]]}},{"type":"Feature","properties":{"aeroway":"runway","ref":"04/22","surface":"asphalt"},"geometry":{"type":"LineString","coordinates":[[139.777491,35.567903],[139.776677,35.566955],[139.776048,35.566222],[139.774852,35.564829],[139.77429,35.564174],[139.773771,35.56357],[139.772526,35.56212],[139.772196,35.561736],[139.772096,35.56162],[139.7719,35.561391],[139.771894,35.561383],[139.771588,35.561028],[139.771413,35.560823],[139.7712,35.560575],[139.770672,35.55996],[139.770418,35.559664],[139.7701,35.559294],[139.769798,35.558948],[139.768981,35.557994],[139.76835,35.557256],[139.768035,35.556889],[139.767696,35.556494],[139.767158,35.555867],[139.766888,35.555559],[139.765559,35.554004],[139.765442,35.553868],[139.765229,35.553621],[139.764888,35.553223],[139.764039,35.552234],[139.762416,35.550344],[139.761794,35.54962],[139.761708,35.549519],[139.761651,35.549452],[139.761264,35.549002],[139.760889,35.548565]]}},{"type":"Feature","properties":{"aeroway":"taxiway","surface":"asphalt"},"geometry":{"type":"LineString","coordinates":[[139.765968,35.551347],[139.765966,35.551223],[139.765961,35.550973],[139.765957,35.550679]]}},{"type":"Feature","properties":{"aeroway":"taxiway","surface":"asphalt"},"geometry":{"type":"LineString","coordinates":[[139.766141,35.553096],[139.76601,35.552495]]}},{"type":"Feature","properties":{"aeroway":"helipad"},"geometry":{"type":"Polygon","coordinates":[[[139.756884,35.559084],[139.75687,35.559062],[139.75686,35.559048],[139.756862,35.559021],[139.756879,35.559007],[139.756904,35.559002],[139.756924,35.559003],[139.756942,35.55901],[139.756959,35.559026],[139.756963,35.559043],[139.75696,35.559059],[139.756949,35.559071],[139.756942,35.559079],[139.756931,35.559082],[139.756921,35.559085],[139.756904,35.559085],[139.756884,35.559084]]]}},{"type":"Feature","properties":{"aeroway":"helipad"},"geometry":{"type":"Polygon","coordinates":[[[139.756206,35.559522],[139.756184,35.559504],[139.756182,35.559486],[139.756183,35.559459],[139.756201,35.559444],[139.756225,35.55944],[139.756246,35.559441],[139.756264,35.559448],[139.756281,35.559464],[139.756285,35.559481],[139.756281,35.559496],[139.756271,35.559508],[139.756264,35.559517],[139.756253,35.559519],[139.756242,35.559522],[139.756225,35.559523],[139.756206,35.559522]]]}},{"type":"Feature","properties":{"aeroway":"terminal","name":"第2ターミナル2階国際線デッキ"},"geometry":{"type":"Polygon","coordinates":[[[139.789438,35.549254],[139.789456,35.549312],[139.789513,35.549378],[139.789548,35.549396],[139.78967,35.549461],[139.789896,35.549529],[139.790066,35.549541],[139.790103,35.549544],[139.790549,35.548977],[139.790659,35.548837],[139.790664,35.548785],[139.790664,35.548774],[139.79055,35.548637],[139.790459,35.548569],[139.790414,35.548547],[139.790389,35.548527],[139.790355,35.548508],[139.790328,35.548484],[139.79026,35.548457],[139.790166,35.548422],[139.790105,35.548412],[139.790056,35.548424],[139.790006,35.548446],[139.789866,35.548646],[139.789438,35.549254]]]}}]}